125662,50,100.7768223,2026-05-21,2026-05-21 12:05:16.757,0,NULL
125594,50,246.0986642,2026-05-20,2026-05-20 12:06:01.043,0,NULL
125526,50,231.1213323,2026-05-19,2026-05-19 12:07:16.013,0,NULL
125456,50,227.1123576,2026-05-18,2026-05-18 12:05:43.433,0,NULL
125383,50,209.2003483,2026-05-17,2026-05-17 12:05:37.680,0,NULL
125293,50,252.232738,2026-05-16,2026-05-16 12:05:41.443,0,NULL
125202,50,265.8011588,2026-05-15,2026-05-15 12:06:08.443,0,NULL
125136,50,240.9110943,2026-05-14,2026-05-14 12:05:15.657,0,NULL
125069,50,243.9191956,2026-05-13,2026-05-13 12:05:54.380,0,NULL
125005,50,226.2960729,2026-05-12,2026-05-12 12:05:38.527,0,NULL
124917,50,182.6544905,2026-05-11,2026-05-11 12:05:15.830,0,NULL
124850,50,135.2989114,2026-05-10,2026-05-10 12:05:39.360,0,NULL
124785,50,178.9626434,2026-05-09,2026-05-09 12:05:41.023,0,NULL
124722,50,194.4076161,2026-05-08,2026-05-08 12:07:11.183,0,NULL
124657,50,240.9380673,2026-05-07,2026-05-07 12:05:23.077,0,NULL
124559,50,256.7104283,2026-05-06,2026-05-06 12:05:40.810,0,NULL
124488,50,233.6312513,2026-05-05,2026-05-05 12:05:38.353,0,NULL
124441,50,247.572758,2026-05-04,2026-05-04 12:05:48.623,0,NULL
124371,50,138.6066011,2026-05-03,2026-05-03 12:06:27.450,0,NULL
124301,50,70.8914902,2026-05-02,2026-05-02 12:05:57.567,0,NULL
124235,50,224.5003842,2026-05-01,2026-05-01 12:06:21.637,0,NULL
124166,50,225.2010683,2026-04-30,2026-04-30 12:06:18.970,0,NULL
124098,50,232.1220606,2026-04-29,2026-04-29 12:05:27.650,0,NULL
124027,50,231.4015922,2026-04-28,2026-04-28 12:06:08.927,0,NULL
123958,50,231.4494428,2026-04-27,2026-04-27 12:06:08.843,1,NULL
123883,50,227.8929636,2026-04-26,2026-04-26 12:05:40.420,1,NULL
123809,50,211.5614183,2026-04-25,2026-04-25 12:07:00.560,0,NULL
123737,50,216.5306266,2026-04-24,2026-04-24 12:06:07.867,0,NULL
123667,50,221.7679851,2026-04-23,2026-04-23 12:05:37.313,0,NULL
123594,50,225.1275647,2026-04-22,2026-04-22 12:06:07.247,0,NULL
123521,50,201.5822673,2026-04-21,2026-04-21 12:08:29.200,0,NULL
123437,50,121.0884922,2026-04-20,2026-04-20 12:05:48.933,0,NULL
123371,50,153.567078,2026-04-19,2026-04-19 12:08:46.590,0,NULL
123303,50,236.1629256,2026-04-18,2026-04-18 12:07:16.113,0,NULL
123230,50,232.9022083,2026-04-17,2026-04-17 12:05:40.650,0,NULL
123149,50,197.6527933,2026-04-16,2026-04-16 12:08:00.010,0,NULL
123073,50,212.2846403,2026-04-15,2026-04-15 12:10:49.090,0,NULL
123003,50,250.1903344,2026-04-14,2026-04-14 12:08:30.343,0,NULL
122931,50,245.3830094,2026-04-13,2026-04-13 12:07:44.083,0,NULL
122859,50,242.7472313,2026-04-12,2026-04-12 12:07:51.133,0,NULL
122785,50,227.6686358,2026-04-11,2026-04-11 12:07:45.140,0,NULL
122693,50,223.1125223,2026-04-10,2026-04-10 12:08:29.660,0,NULL
122624,50,184.9532478,2026-04-09,2026-04-09 12:08:09.180,0,NULL
122556,50,125.8342925,2026-04-08,2026-04-08 12:07:49.083,0,NULL
122480,50,206.9896083,2026-04-07,2026-04-07 12:07:58.603,0,NULL
122392,50,200.9409369,2026-04-06,2026-04-06 12:08:20.547,0,NULL
122329,50,175.0392145,2026-04-05,2026-04-05 12:09:37.867,0,NULL
122273,50,199.7536436,2026-04-04,2026-04-04 13:05:12.560,0,NULL
122208,50,225.8683561,2026-04-03,2026-04-03 13:05:13.870,0,NULL
122141,50,249.7936799,2026-04-02,2026-04-02 13:05:13.800,0,NULL
122071,50,204.4110359,2026-04-01,2026-04-01 13:05:15.620,0,NULL
121999,50,215.3516364,2026-03-31,2026-03-31 13:05:15.153,0,NULL
121916,50,208.0435489,2026-03-30,2026-03-30 13:06:46.307,0,NULL
121839,50,132.3546113,2026-03-29,2026-03-29 13:06:01.550,0,NULL
121766,50,206.3620365,2026-03-28,2026-03-28 13:05:14.767,0,NULL
121696,50,242.2507697,2026-03-27,2026-03-27 13:05:51.653,0,NULL
121611,50,229.4611734,2026-03-26,2026-03-26 13:06:15.403,0,NULL
121536,50,189.2007602,2026-03-25,2026-03-25 13:06:32.380,0,NULL
121462,50,179.925867,2026-03-24,2026-03-24 13:05:14.880,0,NULL
121373,50,201.9899837,2026-03-23,2026-03-23 14:42:22.310,0,NULL
121317,50,240.8997726,2026-03-22,2026-03-22 13:05:14.577,0,NULL
121246,50,225.2237104,2026-03-21,2026-03-21 14:05:12.530,0,NULL
121172,50,200.0627512,2026-03-20,2026-03-20 13:05:13.233,0,NULL
121102,50,156.5105972,2026-03-19,2026-03-19 13:05:16.400,0,NULL
121020,50,195.3145635,2026-03-18,2026-03-18 13:18:16.913,0,NULL
120922,50,0,2026-03-17,2026-03-17 13:05:13.777,0,NULL
120837,50,116.0719705,2026-03-16,2026-03-16 13:05:16.120,0,NULL
120765,50,205.1532775,2026-03-15,2026-03-15 13:05:14.623,0,NULL
120704,50,220.0101191,2026-03-14,2026-03-14 13:05:21.190,0,NULL
120630,50,139.805518,2026-03-13,2026-03-13 13:05:14.580,0,NULL
120568,50,201.3344509,2026-03-12,2026-03-12 13:05:13.763,0,NULL
120494,50,202.3669739,2026-03-11,2026-03-11 13:05:17.440,0,NULL
120428,50,209.568031,2026-03-10,2026-03-10 13:05:13.630,0,NULL
120358,50,196.7095166,2026-03-09,2026-03-09 13:05:14.430,0,NULL
120291,50,194.8366928,2026-03-08,2026-03-08 13:05:14.000,0,NULL
120224,50,149.7355375,2026-03-07,2026-03-07 13:05:14.413,0,NULL
120140,50,190.1387248,2026-03-06,2026-03-06 13:05:14.067,0,NULL
120075,50,197.6879501,2026-03-05,2026-03-05 13:05:13.513,0,NULL
120009,50,195.1399856,2026-03-04,2026-03-04 13:05:24.037,0,NULL
119938,50,197.7623077,2026-03-03,2026-03-03 13:05:13.870,0,NULL
119852,50,182.8563799,2026-03-02,2026-03-02 13:05:13.753,0,NULL
119791,50,170.5148881,2026-03-01,2026-03-01 13:05:13.373,0,NULL
119722,50,136.3460727,2026-02-28,2026-02-28 13:05:14.180,0,NULL
119653,50,194.3860987,2026-02-27,2026-02-27 13:05:13.250,0,NULL
119553,50,195.7059771,2026-02-26,2026-02-26 13:05:13.590,0,NULL
119484,50,201.1360548,2026-02-25,2026-02-25 13:05:13.940,0,NULL
119413,50,163.4846417,2026-02-24,2026-02-24 13:05:13.380,0,NULL
119324,50,105.8680054,2026-02-23,2026-02-23 15:09:48.190,0,NULL
119273,50,103.0381437,2026-02-22,2026-02-22 13:05:11.677,0,NULL
119201,50,172.0506061,2026-02-21,2026-02-21 13:05:34.743,0,NULL
119132,50,168.6861787,2026-02-20,2026-02-20 13:06:02.680,0,NULL
119063,50,166.4405114,2026-02-19,2026-02-19 13:05:12.650,0,NULL
118995,50,165.8377166,2026-02-18,2026-02-18 13:05:11.953,0,NULL
118918,50,170.0125987,2026-02-17,2026-02-17 13:05:21.423,0,NULL
118832,50,164.3178033,2026-02-16,2026-02-16 13:06:11.607,0,NULL
118765,50,133.1302722,2026-02-15,2026-02-15 13:05:12.207,0,NULL
118697,50,150.9924865,2026-02-14,2026-02-14 13:06:01.980,0,NULL
118626,50,148.7760306,2026-02-13,2026-02-13 13:05:13.520,0,NULL
118550,50,108.7126849,2026-02-12,2026-02-12 13:05:47.790,0,NULL
118483,50,75.0266741,2026-02-11,2026-02-11 13:05:40.240,0,NULL
118403,50,147.3422356,2026-02-10,2026-02-10 13:06:10.410,0,NULL
118334,50,150.6895811,2026-02-09,2026-02-09 13:05:11.670,0,NULL
118269,50,152.1731894,2026-02-08,2026-02-08 13:05:11.610,0,NULL
118199,50,152.840902,2026-02-07,2026-02-07 13:05:11.440,0,NULL
118109,50,131.7629594,2026-02-06,2026-02-06 13:05:11.323,0,NULL
118047,50,100.6716336,2026-02-05,2026-02-05 13:05:11.083,0,NULL
117981,50,104.3313509,2026-02-04,2026-02-04 13:05:13.590,0,NULL
117915,50,142.8289522,2026-02-03,2026-02-03 13:08:34.107,0,NULL
117846,50,100.4244986,2026-02-02,2026-02-02 13:05:32.460,0,NULL
117762,50,43.5387297,2026-02-01,2026-02-01 12:17:54.997,0,NULL
117708,50,40.2420855,2026-01-31,2026-01-31 13:05:27.787,0,NULL
117620,50,61.2445289,2026-01-30,2026-01-30 13:05:11.103,0,NULL
117494,50,120.4208311,2026-01-29,2026-01-29 13:35:32.353,0,NULL
117471,50,99.601525,2026-01-28,2026-01-28 13:05:40.007,0,NULL
117404,50,102.3562042,2026-01-27,2026-01-27 13:05:20.107,0,NULL
117335,50,60.9995383,2026-01-26,2026-01-26 13:05:13.017,0,NULL
117262,50,124.4388928,2026-01-25,2026-01-25 13:05:19.680,0,NULL
117191,50,117.3509305,2026-01-24,2026-01-24 13:05:12.750,0,NULL
117117,50,121.6486442,2026-01-23,2026-01-23 13:05:21.057,0,NULL
117045,50,113.8368158,2026-01-22,2026-01-22 13:05:32.857,0,NULL
116976,50,100.3375389,2026-01-21,2026-01-21 13:05:13.717,0,NULL
116874,50,51.543608,2026-01-20,2026-01-20 13:05:15.087,0,NULL
116805,50,101.9379156,2026-01-19,2026-01-19 13:05:13.713,0,NULL
116734,50,77.9510569,2026-01-18,2026-01-18 13:05:14.600,0,NULL
116663,50,85.6355403,2026-01-17,2026-01-17 13:05:14.647,0,NULL
116578,50,118.2764189,2026-01-16,2026-01-16 13:05:13.870,0,NULL
116504,50,121.998257,2026-01-15,2026-01-15 13:05:14.080,0,NULL
116435,50,110.5488567,2026-01-14,2026-01-14 13:05:13.993,0,NULL
116362,50,93.6570853,2026-01-13,2026-01-13 13:05:14.330,0,NULL
116290,50,67.5810533,2026-01-12,2026-01-12 13:05:13.577,0,NULL
116225,50,91.2446734,2026-01-11,2026-01-11 13:05:13.610,0,NULL
116155,50,101.5793167,2026-01-10,2026-01-10 13:05:14.353,0,NULL
116087,50,109.2784786,2026-01-09,2026-01-09 13:05:13.253,0,NULL
115990,50,40.5850614,2026-01-08,2026-01-08 13:05:14.743,0,NULL
115914,50,109.0372641,2026-01-07,2026-01-07 13:05:18.300,0,NULL
115838,50,106.1670162,2026-01-06,2026-01-06 13:05:15.163,0,NULL
115772,50,95.7294501,2026-01-05,2026-01-05 16:00:15.490,0,NULL
115697,50,82.0587714,2026-01-04,2026-01-04 13:05:14.747,0,NULL
115629,50,104.8311272,2026-01-03,2026-01-03 13:05:12.857,0,NULL
115561,50,107.5177745,2026-01-02,2026-01-02 13:05:12.930,0,NULL
115493,50,107.6031811,2026-01-01,2026-01-01 13:05:14.113,0,NULL
115422,50,104.949387,2025-12-31,2025-12-31 13:05:17.053,0,NULL
115355,50,84.1535502,2025-12-30,2025-12-30 13:05:13.223,0,NULL
115280,50,103.0786548,2025-12-29,2025-12-29 13:05:13.363,0,NULL
115216,50,99.4226121,2025-12-28,2025-12-28 13:05:13.310,0,NULL
115148,50,102.9735175,2025-12-27,2025-12-27 13:05:14.383,0,NULL
115079,50,85.8488611,2025-12-26,2025-12-26 13:05:14.030,0,NULL
115009,50,52.9808561,2025-12-25,2025-12-25 13:05:12.753,0,NULL
114942,50,102.5131581,2025-12-24,2025-12-24 13:05:13.647,0,NULL
114870,50,96.5205652,2025-12-23,2025-12-23 13:05:12.220,0,NULL
114770,50,18.1570794,2025-12-22,2025-12-22 15:47:26.420,0,NULL
114725,50,94.709393,2025-12-21,2025-12-21 13:05:15.670,0,NULL
114653,50,99.1614328,2025-12-20,2025-12-20 13:05:13.490,0,NULL
113790,50,104.2539111,2025-12-19,2025-12-19 13:05:18.177,0,NULL
113724,50,98.8925744,2025-12-18,2025-12-18 13:05:14.437,0,NULL
113647,50,109.7900547,2025-12-17,2025-12-17 13:05:14.343,0,NULL
113572,50,105.1072934,2025-12-16,2025-12-16 13:05:23.963,0,NULL
113500,50,117.1123886,2025-12-15,2025-12-15 13:05:14.763,0,NULL
113432,50,102.6540738,2025-12-14,2025-12-14 13:05:12.990,0,NULL
113366,50,102.5731778,2025-12-13,2025-12-13 13:05:16.133,0,NULL
113299,50,103.9304775,2025-12-12,2025-12-12 13:05:13.373,0,NULL
113225,50,103.5041614,2025-12-11,2025-12-11 13:05:13.547,0,0.0059954
113153,50,106.2724831,2025-12-10,2025-12-10 13:05:13.553,0,106.2724838
113085,50,56.3704383,2025-12-09,2025-12-09 13:05:12.420,0,56.3704383
113009,50,58.8160199,2025-12-08,2025-12-08 13:05:16.110,0,58.8160199
112941,50,96.7532667,2025-12-07,2025-12-07 13:05:13.253,0,96.7532667
112872,50,110.2241239,2025-12-06,2025-12-06 13:05:17.613,0,110.2241239
112797,50,106.7395708,2025-12-05,2025-12-05 13:05:17.137,0,106.7395708
112727,50,104.6389028,2025-12-04,2025-12-04 14:05:12.403,0,104.6389028
112642,50,104.8803105,2025-12-03,2025-12-03 13:05:12.510,0,104.8803105
112574,50,114.4738805,2025-12-02,2025-12-02 13:05:13.970,0,114.4738805
112501,50,88.8514614,2025-12-01,2025-12-01 13:05:14.120,0,88.8514614
112429,50,120.6171395,2025-11-30,2025-11-30 13:05:12.637,0,120.6171395
112358,50,115.0157703,2025-11-29,2025-11-29 13:05:14.433,0,115.0157703
112285,50,44.3266484,2025-11-28,2025-11-28 13:05:13.837,0,44.3266484
112213,50,102.7648708,2025-11-27,2025-11-27 13:05:14.023,0,102.7648708
112131,50,108.8094625,2025-11-26,2025-11-26 13:05:14.700,0,108.8094625
112061,50,115.0751669,2025-11-25,2025-11-25 13:05:15.240,0,115.0751669
111907,50,123.1234406,2025-11-24,2025-11-24 14:44:43.080,0,123.1234406
111853,50,125.7372925,2025-11-23,2025-11-24 14:27:33.033,0,125.7372925
111852,50,98.973242,2025-11-22,2025-11-24 14:27:33.033,0,98.973242
111775,50,120.3544444,2025-11-21,2025-11-21 13:05:14.083,0,120.3544444
111699,50,123.1204032,2025-11-20,2025-11-20 13:05:15.903,0,123.1204032
111632,50,117.5490703,2025-11-19,2025-11-19 13:05:20.310,0,117.5490703
111563,50,123.484497,2025-11-18,2025-11-18 13:06:37.637,0,123.484497
111490,50,126.6984775,2025-11-17,2025-11-17 13:05:14.417,0,126.6984775
111420,50,134.9103528,2025-11-16,2025-11-16 13:05:16.420,0,134.9103528
111347,50,131.2653645,2025-11-15,2025-11-15 13:05:14.577,0,131.2653645
111276,50,116.1225339,2025-11-14,2025-11-14 13:05:13.987,0,116.1225339
111206,50,100.3106806,2025-11-13,2025-11-13 13:05:15.507,0,100.3106806
111135,50,124.9735817,2025-11-12,2025-11-12 13:05:15.030,0,124.9735817
111065,50,126.6405715,2025-11-11,2025-11-11 13:05:15.860,0,126.6405715
110984,50,68.8304447,2025-11-10,2025-11-10 13:05:15.867,0,68.8304447
110918,50,135.8128202,2025-11-09,2025-11-09 13:05:14.960,0,135.8128202
110848,50,135.0396783,2025-11-08,2025-11-08 13:05:15.880,0,135.0396783
110775,50,83.6311731,2025-11-07,2025-11-07 13:05:15.613,0,83.6311731
110705,50,131.8468428,2025-11-06,2025-11-06 13:05:14.820,0,131.8468428
110558,50,144.5303731,2025-11-05,2025-11-05 13:05:16.313,0,144.5303731
110492,50,120.3451725,2025-11-04,2025-11-04 13:05:15.717,0,120.3451725
110422,50,88.5152791,2025-11-03,2025-11-03 13:05:15.090,0,88.5152791
110353,50,130.1074953,2025-11-02,2025-11-02 13:05:16.407,0,130.1074953
110286,50,162.6454892,2025-11-01,2025-11-01 13:05:15.327,0,162.6454892
110221,50,155.9814736,2025-10-31,2025-10-31 13:05:17.610,0,155.9814736
110162,50,0.0842273,2025-10-30,2025-10-30 16:41:11.263,0,0.0842273
110080,50,95.5376975,2025-10-29,2025-10-29 13:05:21.847,0,95.5376975
110015,50,160.396105,2025-10-28,2025-10-28 13:05:15.320,0,160.396105
109898,50,155.5084869,2025-10-27,2025-10-27 14:38:22.740,0,155.5084869
109897,50,164.2210836,2025-10-26,2025-10-27 14:38:22.740,0,164.2210836
109896,50,170.9269092,2025-10-25,2025-10-27 14:38:22.740,0,170.9269092
109781,50,164.6477908,2025-10-24,2025-10-24 12:05:27.617,0,164.6477908
109708,50,177.4377817,2025-10-23,2025-10-23 12:05:14.083,0,177.4377817
109644,50,147.1006514,2025-10-22,2025-10-22 12:05:31.467,0,147.1006514
109574,50,161.3829439,2025-10-21,2025-10-21 12:05:14.950,0,161.3829439
109500,50,173.3523128,2025-10-20,2025-10-20 12:05:15.757,0,173.3523128
109433,50,145.4695487,2025-10-19,2025-10-19 12:05:14.657,0,145.4695487
109369,50,170.3975249,2025-10-18,2025-10-18 12:05:16.467,0,170.3975249
109295,50,179.9969383,2025-10-17,2025-10-17 12:05:15.150,0,179.9969383
109227,50,172.0997537,2025-10-16,2025-10-16 12:05:15.213,0,172.0997537
109160,50,112.2883753,2025-10-15,2025-10-15 12:05:13.967,0,112.2883753
109088,50,119.478125,2025-10-14,2025-10-14 12:05:20.330,0,119.478125
109018,50,191.8885538,2025-10-13,2025-10-13 12:05:18.903,0,191.8885538
108954,50,197.6860891,2025-10-12,2025-10-12 12:05:14.987,0,197.6860891
108890,50,89.3025371,2025-10-11,2025-10-11 12:05:15.260,0,89.3025371
108825,50,46.4197091,2025-10-10,2025-10-10 12:05:23.460,0,46.4197091
108755,50,146.3416133,2025-10-09,2025-10-09 12:05:18.750,0,146.3416133
108715,50,5.4314083,2025-10-08,2025-10-08 19:48:00.323,0,5.4314083
108608,50,136.580927,2025-10-07,2025-10-07 12:05:25.803,0,136.580927
108518,50,197.0812956,2025-10-06,2025-10-06 12:05:13.563,0,197.0812956
108452,50,201.580617,2025-10-05,2025-10-05 12:05:14.930,0,201.580617
108390,50,205.9879805,2025-10-04,2025-10-04 12:05:14.437,0,205.9879805
108294,50,145.6475822,2025-10-03,2025-10-03 12:05:20.903,0,145.6475822
108251,50,188.0175181,2025-10-02,2025-10-02 12:06:16.647,0,188.0175181
108194,50,100.8155195,2025-10-01,2025-10-01 12:05:15.450,0,100.8155195
108134,50,199.8176346,2025-09-30,2025-09-30 12:05:16.057,0,199.8176346
108060,50,191.9051547,2025-09-29,2025-09-29 12:05:14.443,0,191.9051547
108002,50,185.3802325,2025-09-28,2025-09-28 12:07:02.253,0,185.3802325
107938,50,168.63346,2025-09-27,2025-09-27 12:05:18.347,0,168.63346
107891,50,142.1189722,2025-09-26,2025-09-26 13:05:13.817,0,142.1189722
107828,50,203.6332316,2025-09-25,2025-09-25 13:05:14.033,0,203.6332316
107729,50,210.247618,2025-09-24,2025-09-24 13:05:13.140,0,210.247618
107661,50,164.1549211,2025-09-23,2025-09-23 22:43:14.100,0,164.1549211
107660,50,165.4473571,2025-09-22,2025-09-23 22:43:14.100,0,165.4473571
107659,50,179.7553238,2025-09-21,2025-09-23 22:43:14.100,0,179.7553238
107756,50,161.0274464,2025-09-20,2025-09-24 19:00:24.780,0,161.0274464
107755,50,223.180058,2025-09-19,2025-09-24 19:00:24.780,0,223.180058
107754,50,226.0655259,2025-09-18,2025-09-24 19:00:24.780,0,226.0655259
107292,50,184.9400151,2025-09-17,2025-09-17 13:05:12.837,0,184.9400151
107224,50,104.1183796,2025-09-16,2025-09-16 13:05:14.657,0,104.1183796
107153,50,200.6797514,2025-09-15,2025-09-15 13:07:55.390,0,200.6797514
107090,50,233.1353051,2025-09-14,2025-09-14 13:05:13.327,0,233.1353051
107007,50,231.4516466,2025-09-13,2025-09-13 12:15:19.580,0,231.4516466
106960,50,120.5493162,2025-09-12,2025-09-12 13:05:14.480,0,120.5493162
106889,50,60.2279958,2025-09-11,2025-09-11 13:05:14.273,0,60.2279958
106824,50,116.7298609,2025-09-10,2025-09-10 13:05:39.173,0,116.7298609
106756,50,123.5710282,2025-09-09,2025-09-09 13:05:14.867,0,123.5710282
106671,50,216.5125438,2025-09-08,2025-09-08 12:07:58.767,0,216.5125438
106623,50,37.3189484,2025-09-07,2025-09-07 13:05:13.937,0,37.3189484
106559,50,224.6702672,2025-09-06,2025-09-06 13:05:14.397,0,224.6702672
106486,50,226.8568227,2025-09-05,2025-09-05 13:05:14.497,0,226.8568227
106405,50,226.0775153,2025-09-04,2025-09-04 13:05:15.503,0,226.0775153
106320,50,224.4709799,2025-09-03,2025-09-03 13:07:06.967,0,224.4709799
106269,50,232.0962248,2025-09-02,2025-09-02 13:05:24.573,0,232.0962248
106213,50,157.4868555,2025-09-01,2025-09-01 13:05:34.947,0,157.4868555
106154,50,220.581211,2025-08-31,2025-08-31 13:05:13.277,0,220.581211
106095,50,231.2678829,2025-08-30,2025-08-30 13:05:38.453,0,231.2678829
106014,50,235.1704385,2025-08-29,2025-08-29 12:44:21.340,0,235.1704385
105947,50,234.3788138,2025-08-28,2025-08-28 12:07:06.177,0,234.3788138
105906,50,204.7646309,2025-08-27,2025-08-27 14:40:59.000,0,204.7646309
105834,50,132.7404213,2025-08-26,2025-08-26 13:05:12.730,0,132.7404213
105752,50,233.3227076,2025-08-25,2025-08-25 12:05:17.087,0,233.3227076
105689,50,156.286246,2025-08-24,2025-08-24 12:06:08.533,0,156.286246
105630,50,218.2539667,2025-08-23,2025-08-23 12:54:29.010,0,218.2539667
105567,50,226.0095459,2025-08-22,2025-08-22 12:09:06.940,0,226.0095459
105525,50,220.3482256,2025-08-21,2025-08-21 13:05:13.800,0,220.3482256
105438,50,228.1606596,2025-08-20,2025-08-20 12:05:14.260,0,228.1606596
105372,50,238.1283007,2025-08-19,2025-08-19 12:05:13.890,0,238.1283007
105299,50,245.3145383,2025-08-18,2025-08-18 15:06:50.893,0,245.3145383
105188,50,252.3846182,2025-08-17,2025-08-17 13:05:50.140,0,252.3846182
105187,50,239.730485,2025-08-16,2025-08-17 13:05:50.140,0,239.730485
105112,50,244.6945233,2025-08-15,2025-08-15 12:05:14.987,0,244.6945233
105019,50,243.6168389,2025-08-14,2025-08-14 12:05:13.477,0,243.6168389
104953,50,240.188255,2025-08-13,2025-08-13 12:05:12.613,0,240.188255
104866,50,236.7845822,2025-08-12,2025-08-12 12:05:12.420,0,236.7845822
104823,50,252.18409,2025-08-11,2025-08-11 12:05:13.170,0,252.18409
104759,50,243.3217633,2025-08-10,2025-08-10 12:05:15.157,0,243.3217633
104692,50,253.9775583,2025-08-09,2025-08-09 12:05:13.673,0,253.9775583
104637,50,253.604788,2025-08-08,2025-08-08 12:05:13.063,0,253.604788
104576,50,211.3704981,2025-08-07,2025-08-07 11:05:13.380,0,211.3704981
104508,50,90.8444642,2025-08-06,2025-08-06 11:05:13.140,0,90.8444642
104430,50,237.2186141,2025-08-05,2025-08-05 11:05:11.790,0,237.2186141
104363,50,256.6728559,2025-08-04,2025-08-04 12:05:13.557,0,256.6728559
104303,50,258.423745,2025-08-03,2025-08-03 12:05:13.233,0,258.423745
104242,50,208.3211078,2025-08-02,2025-08-02 12:05:13.250,0,208.3211078
104182,50,245.1856816,2025-08-01,2025-08-01 12:05:18.083,0,245.1856816
104121,50,168.0296365,2025-07-31,2025-07-31 12:05:13.503,0,168.0296365
104056,50,261.0258878,2025-07-30,2025-07-30 11:05:13.330,0,261.0258878
103992,50,112.976502,2025-07-29,2025-07-29 12:05:14.110,0,112.976502
103926,50,201.2588693,2025-07-28,2025-07-28 12:05:14.860,0,201.2588693
103860,50,116.4293839,2025-07-27,2025-07-27 12:05:14.170,0,116.4293839
103793,50,250.4170539,2025-07-26,2025-07-26 12:05:14.107,0,250.4170539
103728,50,243.8289082,2025-07-25,2025-07-25 12:05:13.567,0,243.8289082
103663,50,260.5350139,2025-07-24,2025-07-24 12:05:13.640,0,260.5350139
103572,50,267.2418391,2025-07-23,2025-07-23 17:57:06.323,0,267.2418391
103532,50,263.3830953,2025-07-22,2025-07-22 12:07:02.780,0,263.3830953
103464,50,235.7711733,2025-07-21,2025-07-21 12:05:30.063,0,235.7711733
103397,50,265.0247064,2025-07-20,2025-07-20 12:05:12.337,0,265.0247064
103334,50,110.1094414,2025-07-19,2025-07-19 12:05:14.007,0,110.1094414
103259,50,237.7006438,2025-07-18,2025-07-18 12:06:37.797,0,237.7006438
103188,50,254.4597442,2025-07-17,2025-07-17 12:06:41.840,0,254.4597442
103144,50,255.371023,2025-07-16,2025-07-16 12:05:26.293,0,255.371023
103074,50,194.8741978,2025-07-15,2025-07-15 12:05:11.457,0,194.8741978
103022,50,229.1235875,2025-07-14,2025-07-14 22:09:45.503,0,229.1235875
102952,50,222.7971139,2025-07-13,2025-07-13 12:05:14.010,0,222.7971139
102885,50,145.2353633,2025-07-12,2025-07-12 12:05:14.937,0,145.2353633
102820,50,221.3518247,2025-07-11,2025-07-11 12:05:17.327,0,221.3518247
102752,50,253.1300872,2025-07-10,2025-07-10 12:05:14.427,0,253.1300872
102675,50,137.3006869,2025-07-09,2025-07-09 12:05:14.927,0,137.3006869
102600,50,226.0020662,2025-07-08,2025-07-08 12:05:12.910,0,226.0020662
102519,50,240.2559275,2025-07-07,2025-07-07 12:05:16.223,0,240.2559275
102460,50,223.0180662,2025-07-06,2025-07-06 12:05:12.167,0,223.0180662
102399,50,267.4248258,2025-07-05,2025-07-05 12:05:16.677,0,267.4248258
102336,50,252.1365426,2025-07-04,2025-07-04 12:05:13.030,0,252.1365426
102271,50,261.9657028,2025-07-03,2025-07-03 12:05:12.940,0,261.9657028
102209,50,252.9374058,2025-07-02,2025-07-02 12:05:16.293,0,252.9374058
102140,50,197.0557989,2025-07-01,2025-07-01 12:05:12.690,0,197.0557989
102070,50,131.310012,2025-06-30,2025-06-30 12:05:15.167,0,131.310012
102007,50,70.9794833,2025-06-29,2025-06-29 12:05:14.937,0,70.9794833
101941,50,136.3050822,2025-06-28,2025-06-28 12:05:13.887,0,136.3050822
101867,50,223.6711264,2025-06-27,2025-06-27 12:05:14.057,0,223.6711264
101804,50,231.5657059,2025-06-26,2025-06-26 12:05:14.023,0,231.5657059
101741,50,196.7444647,2025-06-25,2025-06-25 12:05:14.760,0,196.7444647
101663,50,115.2414506,2025-06-24,2025-06-24 12:05:14.300,0,115.2414506
101598,50,100.5098417,2025-06-23,2025-06-23 12:05:14.130,0,100.5098417
101529,50,41.8917683,2025-06-22,2025-06-22 12:05:13.730,0,41.8917683
101468,50,110.3051586,2025-06-21,2025-06-21 12:05:14.020,0,110.3051586
101413,50,174.0220908,2025-06-20,2025-06-20 12:05:14.780,0,174.0220908
101356,50,99.2217833,2025-06-19,2025-06-19 12:05:13.373,0,99.2217833
101296,50,81.0947095,2025-06-18,2025-06-18 12:05:13.413,0,81.0947095
101228,50,158.2751459,2025-06-17,2025-06-17 12:05:14.040,0,158.2751459
101119,50,92.8479809,2025-06-16,2025-06-16 19:24:44.090,0,92.8479809
101118,50,84.4352647,2025-06-15,2025-06-16 19:24:44.090,0,84.4352647
101117,50,225.3576573,2025-06-14,2025-06-16 19:24:44.090,0,225.3576573
100920,50,247.015592,2025-06-13,2025-06-13 11:05:10.947,0,247.015592
100863,50,246.9109685,2025-06-12,2025-06-12 11:05:11.480,0,246.9109685
100810,50,242.1793631,2025-06-11,2025-06-11 11:05:10.863,0,242.1793631
100732,50,241.8346854,2025-06-10,2025-06-10 12:05:11.857,0,241.8346854
100691,50,190.0722787,2025-06-09,2025-06-09 12:05:13.267,0,190.0722787
100634,50,253.998529,2025-06-08,2025-06-08 12:05:12.620,0,253.998529
100578,50,238.0303348,2025-06-07,2025-06-07 12:05:11.903,0,238.0303348
100479,50,232.6096281,2025-06-06,2025-06-06 12:05:14.840,0,232.6096281
100375,50,255.3108112,2025-06-05,2025-06-05 12:05:13.450,0,255.3108112
100339,50,258.304699,2025-06-04,2025-06-04 12:01:54.133,0,258.304699
100269,50,192.9084718,2025-06-03,2025-06-03 12:05:15.723,0,192.9084718
100176,50,206.6817883,2025-06-02,2025-06-02 12:05:14.307,0,206.6817883
100114,50,211.5111645,2025-06-01,2025-06-01 12:05:14.257,0,211.5111645
100054,50,190.5746972,2025-05-31,2025-05-31 12:05:14.017,0,190.5746972
100007,50,216.0904204,2025-05-30,2025-05-30 12:05:14.953,0,216.0904204
99934,50,206.6292172,2025-05-29,2025-05-29 12:05:13.560,0,206.6292172
99877,50,199.0531511,2025-05-28,2025-05-28 13:05:12.810,0,199.0531511
99828,50,188.8768845,2025-05-27,2025-05-28 00:05:15.683,0,188.8768845
99705,50,191.1753465,2025-05-26,2025-05-26 13:05:22.920,0,191.1753465
99641,50,213.9554692,2025-05-25,2025-05-25 12:05:18.603,0,213.9554692
99604,50,183.0215963,2025-05-24,2025-05-24 12:05:18.880,0,183.0215963
99541,50,248.1460322,2025-05-23,2025-05-23 12:05:18.690,0,248.1460322
99434,50,237.4286464,2025-05-22,2025-05-22 12:05:16.873,0,237.4286464
99331,50,241.6234099,2025-05-21,2025-05-21 12:05:18.690,0,241.6234099
99274,50,243.7496178,2025-05-20,2025-05-20 12:05:17.910,0,243.7496178
98971,50,237.9584563,2025-05-19,2025-05-19 12:05:15.123,0,237.9584563
98918,50,31.1539164,2025-05-18,2025-05-18 12:05:15.790,0,31.1539164
98867,50,39.3225912,2025-05-17,2025-05-17 12:05:19.103,0,39.3225912
98808,50,251.2065062,2025-05-16,2025-05-16 12:05:18.157,0,251.2065062
98728,50,252.2439359,2025-05-15,2025-05-15 12:05:17.630,0,252.2439359
98625,50,255.8437946,2025-05-14,2025-05-14 12:05:15.210,0,255.8437946
98579,50,264.090114,2025-05-13,2025-05-13 12:05:22.177,0,264.090114
98529,50,271.0326821,2025-05-12,2025-05-12 12:05:15.980,0,271.0326821
98471,50,237.2237458,2025-05-11,2025-05-11 12:05:15.957,0,237.2237458
98420,50,195.2547782,2025-05-10,2025-05-10 12:05:17.463,0,195.2547782
98338,50,59.3511122,2025-05-09,2025-05-09 12:05:15.853,0,59.3511122
98324,50,196.4117685,2025-05-08,2025-05-08 15:52:44.293,0,196.4117685
98261,50,207.2656194,2025-05-07,2025-05-08 14:01:07.770,0,207.2656194
98176,50,217.7558074,2025-05-06,2025-05-06 19:28:15.503,0,217.7558074
98161,50,196.8373518,2025-05-05,2025-05-06 14:01:17.443,0,196.8373518
98094,50,161.5934567,2025-05-04,2025-05-05 14:01:24.330,0,161.5934567
98041,50,184.2420505,2025-05-03,2025-05-04 14:00:54.980,0,184.2420505
97988,50,136.2865254,2025-05-02,2025-05-03 14:00:56.847,0,136.2865254
97933,50,203.7523228,2025-05-01,2025-05-02 14:00:56.413,0,203.7523228
97881,50,206.143555,2025-04-30,2025-05-01 14:00:57.500,0,206.143555
97825,50,231.0498788,2025-04-29,2025-04-30 14:00:54.750,0,231.0498788
97727,50,241.9106511,2025-04-28,2025-04-29 14:01:11.087,0,241.9106511
97687,50,238.909924,2025-04-27,2025-04-28 14:01:13.530,0,238.909924
97647,50,238.9057054,2025-04-26,2025-04-27 14:00:56.113,0,238.9057054
97608,50,185.5775796,2025-04-25,2025-04-26 14:01:00.363,0,185.5775796
97569,50,195.08478,2025-04-24,2025-04-25 14:01:06.633,0,195.08478
97517,50,162.4985487,2025-04-23,2025-04-24 14:00:58.770,0,162.4985487
97465,50,161.9785975,2025-04-22,2025-04-23 14:01:03.560,0,161.9785975
97412,50,122.8360425,2025-04-21,2025-04-22 14:01:06.650,0,122.8360425
97358,50,196.9685752,2025-04-20,2025-04-21 14:01:21.547,0,196.9685752
97304,50,218.1057832,2025-04-19,2025-04-20 14:00:58.517,0,218.1057832
97251,50,208.2217469,2025-04-18,2025-04-19 14:00:54.520,0,208.2217469
97205,50,213.8968917,2025-04-17,2025-04-18 14:01:04.590,0,213.8968917
97135,50,238.9007381,2025-04-16,2025-04-17 14:00:54.840,0,238.9007381
97103,50,244.8469322,2025-04-15,2025-04-16 14:00:57.873,0,244.8469322
97014,50,250.8297464,2025-04-14,2025-04-15 14:01:20.163,0,250.8297464
96976,50,257.3990889,2025-04-13,2025-04-14 14:01:19.277,0,257.3990889
96916,50,242.9590933,2025-04-12,2025-04-13 15:01:06.343,0,242.9590933
96896,50,259.1275106,2025-04-11,2025-04-12 14:00:58.880,0,259.1275106
96841,50,262.6097633,2025-04-10,2025-04-11 14:01:00.540,0,262.6097633
96781,50,256.9064031,2025-04-09,2025-04-10 14:00:59.970,0,256.9064031
96722,50,130.837755,2025-04-08,2025-04-09 14:00:53.487,0,130.837755
96673,50,39.9468031,2025-04-07,2025-04-08 14:01:11.937,0,39.9468031
96624,50,180.3816725,2025-04-06,2025-04-07 14:01:20.780,0,180.3816725
96576,50,140.4110956,2025-04-05,2025-04-06 14:00:58.613,0,140.4110956
96528,50,147.3766631,2025-04-04,2025-04-05 14:00:54.907,0,147.3766631
96482,50,147.2222166,2025-04-03,2025-04-04 14:00:55.397,0,147.2222166
96427,50,149.1749647,2025-04-02,2025-04-03 14:01:09.890,0,149.1749647
96380,50,148.3758397,2025-04-01,2025-04-02 14:01:00.823,0,148.3758397
96297,50,140.3877607,2025-03-31,2025-04-01 14:01:11.483,0,140.3877607
96256,50,142.4845658,2025-03-30,2025-03-31 14:01:17.223,0,142.4845658
96193,50,144.7917499,2025-03-29,2025-03-30 14:00:55.413,0,144.7917499
96175,50,132.5802777,2025-03-28,2025-03-29 14:00:54.263,0,132.5802777
96135,50,135.0778241,2025-03-27,2025-03-28 14:00:54.253,0,135.0778241
96061,50,134.775921,2025-03-26,2025-03-27 14:00:55.053,0,134.775921
96012,50,126.6487924,2025-03-25,2025-03-26 14:01:02.550,0,126.6487924
95963,50,135.9967281,2025-03-24,2025-03-25 14:01:32.450,0,135.9967281
95922,50,142.461778,2025-03-23,2025-03-24 14:01:26.593,0,142.461778
95881,50,107.807917,2025-03-22,2025-03-23 14:00:54.040,0,107.807917
95841,50,150.939533,2025-03-21,2025-03-22 14:00:59.813,0,150.939533
95784,50,58.0266661,2025-03-20,2025-03-21 14:00:54.747,0,58.0266661
95746,50,148.1847004,2025-03-19,2025-03-20 14:00:59.980,0,148.1847004
95700,50,157.6623337,2025-03-18,2025-03-19 14:01:04.217,0,157.6623337
95621,50,153.6949256,2025-03-17,2025-03-18 14:01:18.463,0,153.6949256
95582,50,145.5630835,2025-03-16,2025-03-17 14:01:20.270,0,145.5630835
95542,50,149.3595506,2025-03-15,2025-03-16 14:00:52.993,0,149.3595506
95503,50,137.1834339,2025-03-14,2025-03-15 14:00:52.613,0,137.1834339
95464,50,146.8861663,2025-03-13,2025-03-14 14:00:52.373,0,146.8861663
95403,50,142.9203049,2025-03-12,2025-03-13 14:00:57.030,0,142.9203049
95364,50,152.9142149,2025-03-11,2025-03-12 14:00:56.140,0,152.9142149
95325,50,129.3778243,2025-03-10,2025-03-11 14:01:36.473,0,129.3778243
95231,50,143.19669,2025-03-09,2025-03-10 14:01:16.890,0,143.19669
95191,50,139.1141668,2025-03-08,2025-03-09 14:00:54.990,0,139.1141668
95152,50,136.3132101,2025-03-07,2025-03-08 14:00:54.360,0,136.3132101
95063,50,142.496039,2025-03-06,2025-03-07 14:00:57.467,0,142.496039
95024,50,136.5299855,2025-03-05,2025-03-06 14:01:01.657,0,136.5299855
94986,50,129.2451045,2025-03-04,2025-03-05 14:01:04.083,0,129.2451045
94949,50,137.4863457,2025-03-03,2025-03-04 14:01:11.647,0,137.4863457
94910,50,134.0321734,2025-03-02,2025-03-03 14:01:20.530,0,134.0321734
94870,50,96.2056209,2025-03-01,2025-03-02 14:02:59.320,0,96.2056209
94831,50,27.7452952,2025-02-28,2025-03-01 14:00:58.237,0,27.7452952
94792,50,60.4396452,2025-02-27,2025-02-28 14:00:57.497,0,60.4396452
94741,50,54.8447478,2025-02-26,2025-02-27 14:00:56.630,0,54.8447478
93748,50,0,2025-02-10,2025-02-11 14:01:19.143,0,0
93688,50,0,2025-02-09,2025-02-10 14:01:23.510,0,0
93648,50,0,2025-02-08,2025-02-09 14:01:15.483,0,0
93608,50,0,2025-02-07,2025-02-08 14:01:12.203,0,0
93568,50,0,2025-02-06,2025-02-07 14:01:14.787,0,0
93529,50,0,2025-02-05,2025-02-06 14:01:13.367,0,0
93429,50,0,2025-02-03,2025-02-04 14:01:19.740,0,0
93391,50,0,2025-02-02,2025-02-03 14:01:15.980,0,0
93353,50,0,2025-02-01,2025-02-02 14:01:32.760,0,0
93314,50,32.0458315,2025-01-31,2025-02-01 14:01:16.820,0,32.0458315
93272,50,115.125097,2025-01-30,2025-01-31 14:01:19.750,0,115.125097
93214,50,115.004897,2025-01-29,2025-01-30 14:01:21.227,0,115.004897
93176,50,112.8720299,2025-01-28,2025-01-29 14:01:24.047,0,112.8720299
93138,50,99.2263127,2025-01-27,2025-01-28 14:01:23.500,0,99.2263127
93100,50,119.4110852,2025-01-26,2025-01-27 14:01:14.963,0,119.4110852
93061,50,58.1282469,2025-01-25,2025-01-26 14:01:21.660,0,58.1282469
93024,50,52.8697234,2025-01-24,2025-01-25 14:01:19.690,0,52.8697234
92868,50,32.5886869,2025-01-23,2025-01-24 14:01:17.347,0,32.5886869
92824,50,66.1737539,2025-01-22,2025-01-23 14:01:25.150,0,66.1737539
92785,50,39.3419337,2025-01-21,2025-01-22 14:01:23.857,0,39.3419337
92741,50,62.7622249,2025-01-20,2025-01-21 14:01:21.943,0,62.7622249
92692,50,65.6167778,2025-01-19,2025-01-20 14:01:17.247,0,65.6167778
92653,50,109.971209,2025-01-18,2025-01-19 14:01:22.017,0,109.971209
92623,50,110.7928247,2025-01-17,2025-01-18 15:01:23.153,0,110.7928247
92575,50,106.3925695,2025-01-16,2025-01-17 14:01:16.637,0,106.3925695
89002,50,66.0414381,2025-01-15,2025-01-15 21:23:36.857,0,66.0414381
88992,50,89.9329321,2025-01-14,2025-01-15 21:23:18.057,0,89.9329321
92512,50,73.8364742,2025-01-13,2025-01-15 23:31:28.913,0,73.8364742
92502,50,111.2506049,2025-01-12,2025-01-15 23:31:08.100,0,111.2506049
92492,50,36.1598418,2025-01-11,2025-01-15 23:30:46.600,0,36.1598418
92482,50,84.4648452,2025-01-10,2025-01-15 23:30:25.773,0,84.4648452
92472,50,79.2541863,2025-01-09,2025-01-15 23:30:05.290,0,79.2541863
92462,50,24.3530919,2025-01-08,2025-01-15 23:29:40.883,0,24.3530919
89904,50,61.1544445,2024-04-05,2025-01-15 21:53:32.130,0,61.1544445
89893,50,136.8449559,2024-04-04,2025-01-15 21:53:11.990,0,136.8449559
89882,50,54.3888747,2024-04-03,2025-01-15 21:52:53.533,0,54.3888747
89871,50,137.2469192,2024-04-02,2025-01-15 21:52:33.180,0,137.2469192
89860,50,140.3165564,2024-04-01,2025-01-15 21:52:14.020,0,140.3165564
89849,50,138.7347978,2024-03-31,2025-01-15 21:51:54.783,0,138.7347978
89838,50,147.0522717,2024-03-30,2025-01-15 21:51:34.737,0,147.0522717
89827,50,150.7786822,2024-03-29,2025-01-15 21:51:14.190,0,150.7786822
89816,50,115.1087616,2024-03-28,2025-01-15 21:50:55.753,0,115.1087616
89805,50,135.6146914,2024-03-27,2025-01-15 21:50:34.737,0,135.6146914
89794,50,150.4455295,2024-03-26,2025-01-15 21:50:11.660,0,150.4455295
89783,50,135.5865461,2024-03-25,2025-01-15 21:49:51.957,0,135.5865461
89772,50,144.2605672,2024-03-24,2025-01-15 21:49:31.487,0,144.2605672
89761,50,122.0388072,2024-03-23,2025-01-15 21:49:12.003,0,122.0388072
89750,50,111.838105,2024-03-22,2025-01-15 21:48:52.743,0,111.838105
89739,50,130.5958233,2024-03-21,2025-01-15 21:48:33.720,0,130.5958233
89728,50,79.7874906,2024-03-20,2025-01-15 21:48:15.487,0,79.7874906
89717,50,110.773432,2024-03-19,2025-01-15 21:47:55.673,0,110.773432
89706,50,68.22089,2024-03-18,2025-01-15 21:47:36.127,0,68.22089
89695,50,97.3113725,2024-03-17,2025-01-15 21:47:15.423,0,97.3113725
89684,50,114.9884675,2024-03-16,2025-01-15 21:46:54.360,0,114.9884675
89673,50,131.9031319,2024-03-15,2025-01-15 21:46:32.663,0,131.9031319
89662,50,104.9253323,2024-03-14,2025-01-15 21:46:13.190,0,104.9253323
89651,50,134.6329253,2024-03-13,2025-01-15 21:45:53.810,0,134.6329253
89640,50,130.5283742,2024-03-12,2025-01-15 21:45:32.610,0,130.5283742
89629,50,79.6911214,2024-03-11,2025-01-15 21:45:13.437,0,79.6911214
89618,50,58.0286205,2024-03-10,2025-01-15 21:44:47.523,0,58.0286205
89607,50,140.7879045,2024-03-09,2025-01-15 21:44:25.987,0,140.7879045
89596,50,144.3592681,2024-03-08,2025-01-15 21:44:02.783,0,144.3592681
89585,50,133.4112042,2024-03-07,2025-01-15 21:43:42.720,0,133.4112042
89574,50,113.0642795,2024-03-06,2025-01-15 21:43:22.847,0,113.0642795
89563,50,132.2844197,2024-03-05,2025-01-15 21:43:02.673,0,132.2844197
89552,50,135.4876808,2024-03-04,2025-01-15 21:42:43.893,0,135.4876808
89541,50,122.1152445,2024-03-03,2025-01-15 21:42:24.533,0,122.1152445
89530,50,109.9913525,2024-03-02,2025-01-15 21:42:03.693,0,109.9913525
89519,50,119.0742058,2024-03-01,2025-01-15 21:41:42.617,0,119.0742058
89508,50,131.7831923,2024-02-29,2025-01-15 21:41:24.703,0,131.7831923
89497,50,147.903162,2024-02-28,2025-01-15 21:41:06.310,0,147.903162
89486,50,150.4692039,2024-02-27,2025-01-15 21:40:46.533,0,150.4692039
89475,50,149.5808647,2024-02-26,2025-01-15 21:40:25.873,0,149.5808647
89464,50,152.5782709,2024-02-25,2025-01-15 21:40:05.690,0,152.5782709
89453,50,138.579735,2024-02-24,2025-01-15 21:39:44.767,0,138.579735
89442,50,147.821743,2024-02-23,2025-01-15 21:39:24.640,0,147.821743
89431,50,151.9099998,2024-02-22,2025-01-15 21:39:05.873,0,151.9099998
89420,50,137.2679577,2024-02-21,2025-01-15 21:38:45.487,0,137.2679577
89409,50,149.5401436,2024-02-20,2025-01-15 21:38:24.880,0,149.5401436
89398,50,41.1706656,2024-02-19,2025-01-15 21:38:05.700,0,41.1706656
89387,50,0,2024-02-18,2025-01-15 21:37:45.390,0,0
89376,50,24.5705714,2024-02-17,2025-01-15 21:37:25.437,0,24.5705714
89365,50,123.1204134,2024-02-16,2025-01-15 21:37:00.773,0,123.1204134
89354,50,97.11883,2024-02-15,2025-01-15 21:36:43.030,0,97.11883
89343,50,129.4029661,2024-02-14,2025-01-15 21:36:23.377,0,129.4029661
89332,50,119.9596291,2024-02-13,2025-01-15 21:36:03.857,0,119.9596291
89321,50,42.7297772,2024-02-12,2025-01-15 21:35:44.830,0,42.7297772
89310,50,127.9896919,2024-02-11,2025-01-15 21:35:21.530,0,127.9896919
89299,50,102.5954028,2024-02-10,2025-01-15 21:35:01.987,0,102.5954028
89288,50,121.0112909,2024-02-09,2025-01-15 21:34:38.313,0,121.0112909
89277,50,132.4988547,2024-02-08,2025-01-15 21:33:59.313,0,132.4988547
89266,50,135.7770511,2024-02-07,2025-01-15 21:33:32.157,0,135.7770511
89255,50,138.4955675,2024-02-06,2025-01-15 21:33:08.097,0,138.4955675
89244,50,112.5216325,2024-02-05,2025-01-15 21:32:47.640,0,112.5216325
89233,50,116.5909703,2024-02-04,2025-01-15 21:32:26.957,0,116.5909703
89222,50,125.4042061,2024-02-03,2025-01-15 21:32:06.547,0,125.4042061
89211,50,128.3861075,2024-02-02,2025-01-15 21:31:43.550,0,128.3861075
89200,50,101.9676277,2024-02-01,2025-01-15 21:31:22.450,0,101.9676277
89189,50,136.683325,2024-01-31,2025-01-15 21:31:01.890,0,136.683325
89178,50,74.7818552,2024-01-30,2025-01-15 21:30:42.077,0,74.7818552
89167,50,75.7234045,2024-01-29,2025-01-15 21:30:21.077,0,75.7234045
89156,50,76.1034069,2024-01-28,2025-01-15 21:30:00.500,0,76.1034069
89145,50,116.4424172,2024-01-27,2025-01-15 21:29:40.053,0,116.4424172
89134,50,97.5678647,2024-01-26,2025-01-15 21:29:19.603,0,97.5678647
89123,50,116.5554636,2024-01-25,2025-01-15 21:28:59.373,0,116.5554636
89112,50,124.6971289,2024-01-24,2025-01-15 21:28:38.963,0,124.6971289
89101,50,126.80678,2024-01-23,2025-01-15 21:28:19.217,0,126.80678
89090,50,90.2325992,2024-01-22,2025-01-15 21:27:58.013,0,90.2325992
89079,50,17.283157,2024-01-21,2025-01-15 21:27:37.577,0,17.283157
89068,50,50.6799591,2024-01-20,2025-01-15 21:27:17.183,0,50.6799591
89057,50,78.9615775,2024-01-19,2025-01-15 21:26:57.140,0,78.9615775
89046,50,113.9819283,2024-01-18,2025-01-15 21:26:36.443,0,113.9819283
89035,50,67.3357639,2024-01-17,2025-01-15 21:26:15.467,0,67.3357639
89024,50,90.4010398,2024-01-16,2025-01-15 21:25:53.640,0,90.4010398
89013,50,97.1023683,2024-01-15,2025-01-15 21:25:34.307,0,97.1023683
79420,50,23.3225469,2024-01-13,2025-01-14 17:15:46.330,0,23.3225469
79419,50,113.5615828,2024-01-12,2025-01-14 17:15:46.330,0,113.5615828
79418,50,93.2121263,2024-01-11,2025-01-14 17:15:46.330,0,93.2121263
79417,50,82.1319989,2024-01-10,2025-01-14 17:15:46.330,0,82.1319989
79416,50,60.5925959,2024-01-09,2025-01-14 17:15:46.330,0,60.5925959
79415,50,29.2204625,2024-01-07,2025-01-14 17:15:46.330,0,29.2204625
79414,50,73.2809286,2024-01-06,2025-01-14 17:15:46.330,0,73.2809286
79413,50,99.4714328,2024-01-05,2025-01-14 17:15:46.330,0,99.4714328
79412,50,40.9148716,2024-01-04,2025-01-14 17:15:46.330,0,40.9148716
79411,50,93.8458938,2024-01-03,2025-01-14 17:15:46.330,0,93.8458938
79410,50,104.2223236,2024-01-02,2025-01-14 17:15:46.330,0,104.2223236
79409,50,110.4483942,2024-01-01,2025-01-14 17:15:46.330,0,110.4483942
79408,50,102.1922469,2023-12-31,2025-01-14 17:15:46.330,0,102.1922469
79407,50,70.1848692,2023-12-30,2025-01-14 17:15:46.330,0,70.1848692
79406,50,42.6485589,2023-12-29,2025-01-14 17:15:46.330,0,42.6485589
79405,50,109.6549847,2023-12-28,2025-01-14 17:15:46.330,0,109.6549847
79404,50,42.6509933,2023-12-27,2025-01-14 17:15:46.330,0,42.6509933
79403,50,76.6249208,2023-12-26,2025-01-14 17:15:46.330,0,76.6249208
79402,50,97.5254689,2023-12-25,2025-01-14 17:15:46.330,0,97.5254689
79401,50,100.073083,2023-12-24,2025-01-14 17:15:46.330,0,100.073083
79400,50,109.0536375,2023-12-23,2025-01-14 17:15:46.330,0,109.0536375
79399,50,100.2043781,2023-12-22,2025-01-14 17:15:46.330,0,100.2043781
79398,50,108.5090175,2023-12-21,2025-01-14 17:15:46.330,0,108.5090175
79397,50,105.0061111,2023-12-20,2025-01-14 17:15:46.330,0,105.0061111
79396,50,104.5355914,2023-12-19,2025-01-14 17:15:46.330,0,104.5355914
79395,50,106.0286533,2023-12-18,2025-01-14 17:15:46.330,0,106.0286533
79394,50,90.8856684,2023-12-17,2025-01-14 17:15:46.330,0,90.8856684
79393,50,109.0177989,2023-12-16,2025-01-14 17:15:46.330,0,109.0177989
79392,50,74.7142798,2023-12-15,2025-01-14 17:15:46.330,0,74.7142798
79391,50,71.8008603,2023-12-14,2025-01-14 17:15:46.330,0,71.8008603
79390,50,59.2441359,2023-12-13,2025-01-14 17:15:46.330,0,59.2441359
79389,50,44.9184452,2023-12-12,2025-01-14 17:15:46.330,0,44.9184452
79388,50,30.8727844,2023-12-11,2025-01-14 17:15:46.330,0,30.8727844
79387,50,101.8381589,2023-12-10,2025-01-14 17:15:46.330,0,101.8381589
79386,50,111.385525,2023-12-09,2025-01-14 17:15:46.330,0,111.385525
79385,50,115.9418078,2023-12-08,2025-01-14 17:15:46.330,0,115.9418078
79384,50,107.1431122,2023-12-07,2025-01-14 17:15:46.330,0,107.1431122
79383,50,22.2060883,2023-12-06,2025-01-14 17:15:46.330,0,22.2060883
79382,50,42.544755,2023-12-05,2025-01-14 17:15:46.330,0,42.544755
79381,50,50.7377831,2023-12-04,2025-01-14 17:15:46.330,0,50.7377831
79380,50,119.9446203,2023-12-03,2025-01-14 17:15:46.330,0,119.9446203
79379,50,117.5895389,2023-12-02,2025-01-14 17:15:46.330,0,117.5895389
79378,50,121.8938709,2023-12-01,2025-01-14 17:15:46.330,0,121.8938709
79377,50,147.5180428,2023-11-30,2025-01-14 17:15:46.330,0,147.5180428
79376,50,78.481088,2023-11-29,2025-01-14 17:15:46.330,0,78.481088
79375,50,70.4418108,2023-11-28,2025-01-14 17:15:46.330,0,70.4418108
79374,50,89.7893577,2023-11-27,2025-01-14 17:15:46.330,0,89.7893577
79373,50,155.3414414,2023-11-26,2025-01-14 17:15:46.330,0,155.3414414
79372,50,163.7546309,2023-11-25,2025-01-14 17:15:46.330,0,163.7546309
79371,50,146.328032,2023-11-24,2025-01-14 17:15:46.330,0,146.328032
79370,50,117.7620538,2023-11-23,2025-01-14 17:15:46.330,0,117.7620538
79369,50,76.3858577,2023-11-22,2025-01-14 17:15:46.330,0,76.3858577
79368,50,103.1696884,2023-11-21,2025-01-14 17:15:46.330,0,103.1696884
79367,50,154.2312678,2023-11-20,2025-01-14 17:15:46.330,0,154.2312678
79366,50,162.9527433,2023-11-19,2025-01-14 17:15:46.330,0,162.9527433
79365,50,148.6402202,2023-11-18,2025-01-14 17:15:46.330,0,148.6402202
79364,50,158.0309476,2023-11-17,2025-01-14 17:15:46.330,0,158.0309476
79363,50,167.0484534,2023-11-16,2025-01-14 17:15:46.330,0,167.0484534
79362,50,133.284935,2023-11-15,2025-01-14 17:15:46.330,0,133.284935
79361,50,157.8164864,2023-11-14,2025-01-14 17:15:46.330,0,157.8164864
79360,50,140.213472,2023-11-13,2025-01-14 17:15:46.330,0,140.213472
79359,50,101.0137258,2023-11-12,2025-01-14 17:15:46.330,0,101.0137258
79358,50,130.982734,2023-11-11,2025-01-14 17:15:46.330,0,130.982734
79357,50,131.1739341,2023-11-10,2025-01-14 17:15:46.330,0,131.1739341
79356,50,118.5353811,2023-11-09,2025-01-14 17:15:46.330,0,118.5353811
79355,50,169.7262331,2023-11-08,2025-01-14 17:15:46.330,0,169.7262331
79354,50,72.2912405,2023-11-07,2025-01-14 17:15:46.330,0,72.2912405
79353,50,129.9587712,2023-11-06,2025-01-14 17:15:46.330,0,129.9587712
79352,50,152.9113167,2023-11-05,2025-01-14 17:15:46.330,0,152.9113167
79351,50,192.8413658,2023-11-04,2025-01-14 17:15:46.330,0,192.8413658
79350,50,125.6638711,2023-11-03,2025-01-14 17:15:46.330,0,125.6638711
79349,50,92.3964999,2023-11-02,2025-01-14 17:15:46.330,0,92.3964999
79348,50,121.632233,2023-11-01,2025-01-14 17:15:46.330,0,121.632233
79347,50,166.9044727,2023-10-31,2025-01-14 17:15:46.330,0,166.9044727
79346,50,168.7516008,2023-10-30,2025-01-14 17:15:46.330,0,168.7516008
79345,50,196.2773108,2023-10-29,2025-01-14 17:15:46.330,0,196.2773108
79344,50,205.9539044,2023-10-28,2025-01-14 17:15:46.330,0,205.9539044
79343,50,178.1978958,2023-10-27,2025-01-14 17:15:46.330,0,178.1978958
79342,50,94.1473889,2023-10-26,2025-01-14 17:15:46.330,0,94.1473889
79341,50,126.5295758,2023-10-25,2025-01-14 17:15:46.330,0,126.5295758
79340,50,168.7314817,2023-10-24,2025-01-14 17:15:46.330,0,168.7314817
79339,50,190.2473727,2023-10-23,2025-01-14 17:15:46.330,0,190.2473727
79338,50,205.8223203,2023-10-22,2025-01-14 17:15:46.330,0,205.8223203
79337,50,212.8217616,2023-10-21,2025-01-14 17:15:46.330,0,212.8217616
79336,50,205.3759236,2023-10-20,2025-01-14 17:15:46.330,0,205.3759236
79335,50,192.5039797,2023-10-19,2025-01-14 17:15:46.330,0,192.5039797
79334,50,163.107297,2023-10-18,2025-01-14 17:15:46.330,0,163.107297
79333,50,228.0282088,2023-10-17,2025-01-14 17:15:46.330,0,228.0282088
79332,50,125.3987281,2023-10-16,2025-01-14 17:15:46.330,0,125.3987281
79331,50,27.8958939,2023-10-15,2025-01-14 17:15:46.330,0,27.8958939
79330,50,18.0306692,2023-10-14,2025-01-14 17:15:46.330,0,18.0306692
79329,50,199.5643494,2023-10-13,2025-01-14 17:15:46.330,0,199.5643494
79328,50,201.9604501,2023-10-12,2025-01-14 17:15:46.330,0,201.9604501
79327,50,160.7128361,2023-10-11,2025-01-14 17:15:46.330,0,160.7128361
79326,50,140.6549296,2023-10-10,2025-01-14 17:15:46.330,0,140.6549296
79325,50,116.9463886,2023-10-09,2025-01-14 17:15:46.330,0,116.9463886
79324,50,138.8563455,2023-10-08,2025-01-14 17:15:46.330,0,138.8563455
79323,50,145.1159547,2023-10-07,2025-01-14 17:15:46.330,0,145.1159547
79322,50,160.5161261,2023-10-06,2025-01-14 17:15:46.330,0,160.5161261
79321,50,220.54901,2023-10-05,2025-01-14 17:15:46.330,0,220.54901
79320,50,226.2454217,2023-10-04,2025-01-14 17:15:46.330,0,226.2454217
79319,50,219.4323711,2023-10-03,2025-01-14 17:15:46.330,0,219.4323711
79318,50,172.5549313,2023-10-02,2025-01-14 17:15:46.330,0,172.5549313
79317,50,212.0348692,2023-10-01,2025-01-14 17:15:46.330,0,212.0348692
79316,50,215.9943328,2023-09-30,2025-01-14 17:15:46.330,0,215.9943328
79315,50,210.4561692,2023-09-29,2025-01-14 17:15:46.330,0,210.4561692
79314,50,210.381818,2023-09-28,2025-01-14 17:15:46.330,0,210.381818
79313,50,213.1652025,2023-09-27,2025-01-14 17:15:46.330,0,213.1652025
79312,50,211.0129658,2023-09-26,2025-01-14 17:15:46.330,0,211.0129658
79311,50,120.2713642,2023-09-25,2025-01-14 17:15:46.330,0,120.2713642
79310,50,0,2023-09-24,2025-01-14 17:15:46.330,0,0
79309,50,0,2023-09-23,2025-01-14 17:15:46.330,0,0
79308,50,0,2023-09-22,2025-01-14 17:15:46.330,0,0
79307,50,0,2023-09-21,2025-01-14 17:15:46.330,0,0
79306,50,0,2023-09-20,2025-01-14 17:15:46.330,0,0
79305,50,56.1696178,2023-09-19,2025-01-14 17:15:46.330,0,56.1696178
79304,50,127.6434731,2023-09-18,2025-01-14 17:15:46.330,0,127.6434731
79303,50,177.7019253,2023-09-17,2025-01-14 17:15:46.330,0,177.7019253
79302,50,232.6320034,2023-09-16,2025-01-14 17:15:46.330,0,232.6320034
79301,50,227.2613589,2023-09-15,2025-01-14 17:15:46.330,0,227.2613589
79300,50,237.8605305,2023-09-14,2025-01-14 17:15:46.330,0,237.8605305
79299,50,235.6657114,2023-09-13,2025-01-14 17:15:46.330,0,235.6657114
79298,50,237.1372761,2023-09-12,2025-01-14 17:15:46.330,0,237.1372761
79297,50,168.8385358,2023-09-11,2025-01-14 17:15:46.330,0,168.8385358
79296,50,216.2695606,2023-09-10,2025-01-14 17:15:46.330,0,216.2695606
79295,50,189.1486822,2023-09-09,2025-01-14 17:15:46.330,0,189.1486822
79294,50,215.7657508,2023-09-08,2025-01-14 17:15:46.330,0,215.7657508
79293,50,170.8995772,2023-09-07,2025-01-14 17:15:46.330,0,170.8995772
79292,50,232.2925808,2023-09-06,2025-01-14 17:15:46.330,0,232.2925808
79291,50,239.1782363,2023-09-05,2025-01-14 17:15:46.330,0,239.1782363
79290,50,244.7734474,2023-09-04,2025-01-14 17:15:46.330,0,244.7734474
79289,50,245.7964808,2023-09-03,2025-01-14 17:15:46.330,0,245.7964808
79288,50,205.8800358,2023-09-02,2025-01-14 17:15:46.330,0,205.8800358
79287,50,239.254687,2023-09-01,2025-01-14 17:15:46.330,0,239.254687
79286,50,220.0536689,2023-08-31,2025-01-14 17:15:46.330,0,220.0536689
79285,50,245.0468083,2023-08-30,2025-01-14 17:15:46.330,0,245.0468083
79284,50,253.7170628,2023-08-29,2025-01-14 17:15:46.330,0,253.7170628
79283,50,231.8401361,2023-08-28,2025-01-14 17:15:46.330,0,231.8401361
79282,50,255.1654605,2023-08-27,2025-01-14 17:15:46.330,0,255.1654605
79281,50,250.1414869,2023-08-26,2025-01-14 17:15:46.330,0,250.1414869
79280,50,224.9488492,2023-08-25,2025-01-14 17:15:46.330,0,224.9488492
79279,50,152.0587228,2023-08-24,2025-01-14 17:15:46.330,0,152.0587228
79278,50,168.2897133,2023-08-23,2025-01-14 17:15:46.330,0,168.2897133
79277,50,257.2885951,2023-08-22,2025-01-14 17:15:46.330,0,257.2885951
79276,50,178.0305123,2023-08-21,2025-01-14 17:15:46.330,0,178.0305123
79275,50,142.1404876,2023-08-20,2025-01-14 17:15:46.330,0,142.1404876
79274,50,240.0054542,2023-08-19,2025-01-14 17:15:46.330,0,240.0054542
79273,50,224.4072186,2023-08-18,2025-01-14 17:15:46.330,0,224.4072186
79272,50,214.2654619,2023-08-17,2025-01-14 17:15:46.330,0,214.2654619
79271,50,165.9101294,2023-08-16,2025-01-14 17:15:46.330,0,165.9101294
79270,50,153.7476839,2023-08-15,2025-01-14 17:15:46.330,0,153.7476839
79269,50,159.11967,2023-08-14,2025-01-14 17:15:46.330,0,159.11967
79268,50,258.9978672,2023-08-13,2025-01-14 17:15:46.330,0,258.9978672
79267,50,244.4005267,2023-08-12,2025-01-14 17:15:46.330,0,244.4005267
79266,50,222.2270958,2023-08-11,2025-01-14 17:15:46.330,0,222.2270958
79265,50,250.0703473,2023-08-10,2025-01-14 17:15:46.330,0,250.0703473
79264,50,265.1946514,2023-08-09,2025-01-14 17:15:46.330,0,265.1946514
79263,50,260.1041987,2023-08-08,2025-01-14 17:15:46.330,0,260.1041987
79262,50,258.9938994,2023-08-07,2025-01-14 17:15:46.330,0,258.9938994
79261,50,141.5113803,2023-08-06,2025-01-14 17:15:46.330,0,141.5113803
79260,50,180.0160489,2023-08-05,2025-01-14 17:15:46.330,0,180.0160489
79259,50,254.7385812,2023-08-04,2025-01-14 17:15:46.330,0,254.7385812
79258,50,229.59041,2023-08-03,2025-01-14 17:15:46.330,0,229.59041
79257,50,263.1887789,2023-08-02,2025-01-14 17:15:46.330,0,263.1887789
79256,50,264.4638708,2023-08-01,2025-01-14 17:15:46.330,0,264.4638708
79255,50,205.4539889,2023-07-31,2025-01-14 17:15:46.330,0,205.4539889
79254,50,252.3484269,2023-07-30,2025-01-14 17:15:46.330,0,252.3484269
79253,50,97.5375239,2023-07-29,2025-01-14 17:15:46.330,0,97.5375239
79252,50,168.1261398,2023-07-28,2025-01-14 17:15:46.330,0,168.1261398
79251,50,40.6901117,2023-07-27,2025-01-14 17:15:46.330,0,40.6901117
79250,50,223.4755647,2023-07-26,2025-01-14 17:15:46.330,0,223.4755647
79249,50,235.828908,2023-07-25,2025-01-14 17:15:46.330,0,235.828908
79248,50,104.0197564,2023-07-24,2025-01-14 17:15:46.330,0,104.0197564
79247,50,220.5754719,2023-07-23,2025-01-14 17:15:46.330,0,220.5754719
79246,50,257.6421836,2023-07-22,2025-01-14 17:15:46.330,0,257.6421836
79245,50,268.0353877,2023-07-21,2025-01-14 17:15:46.330,0,268.0353877
79244,50,265.9287058,2023-07-20,2025-01-14 17:15:46.330,0,265.9287058
79243,50,236.3012888,2023-07-19,2025-01-14 17:15:46.330,0,236.3012888
79242,50,260.1224486,2023-07-18,2025-01-14 17:15:46.330,0,260.1224486
79241,50,188.0875286,2023-07-17,2025-01-14 17:15:46.330,0,188.0875286
79240,50,240.1131644,2023-07-16,2025-01-14 17:15:46.330,0,240.1131644
79239,50,268.6745161,2023-07-15,2025-01-14 17:15:46.330,0,268.6745161
79238,50,236.7512592,2023-07-14,2025-01-14 17:15:46.330,0,236.7512592
79237,50,268.56427,2023-07-13,2025-01-14 17:15:46.330,0,268.56427
79236,50,270.9965548,2023-07-12,2025-01-14 17:15:46.330,0,270.9965548
79235,50,117.6922003,2023-07-11,2025-01-14 17:15:46.330,0,117.6922003
79234,50,247.7555869,2023-07-10,2025-01-14 17:15:46.330,0,247.7555869
79233,50,115.8593009,2023-07-09,2025-01-14 17:15:46.330,0,115.8593009
79232,50,222.5999922,2023-07-08,2025-01-14 17:15:46.330,0,222.5999922
79231,50,264.9658226,2023-07-07,2025-01-14 17:15:46.330,0,264.9658226
79230,50,221.8198558,2023-07-06,2025-01-14 17:15:46.330,0,221.8198558
79229,50,231.0131883,2023-07-05,2025-01-14 17:15:46.330,0,231.0131883
79228,50,244.1585617,2023-07-04,2025-01-14 17:15:46.330,0,244.1585617
79227,50,264.5681356,2023-07-03,2025-01-14 17:15:46.330,0,264.5681356
79226,50,268.3699756,2023-07-02,2025-01-14 17:15:46.330,0,268.3699756
79225,50,237.6633119,2023-07-01,2025-01-14 17:15:46.330,0,237.6633119
79224,50,230.7844125,2023-06-30,2025-01-14 17:15:46.330,0,230.7844125
79223,50,183.9024637,2023-06-29,2025-01-14 17:15:46.330,0,183.9024637
79222,50,237.3291138,2023-06-28,2025-01-14 17:15:46.330,0,237.3291138
79221,50,251.4439756,2023-06-27,2025-01-14 17:15:46.330,0,251.4439756
79220,50,204.5739817,2023-06-26,2025-01-14 17:15:46.330,0,204.5739817
79219,50,166.1342942,2023-06-25,2025-01-14 17:15:46.330,0,166.1342942
79218,50,145.4974477,2023-06-24,2025-01-14 17:15:46.330,0,145.4974477
79217,50,224.4228706,2023-06-23,2025-01-14 17:15:46.330,0,224.4228706
79216,50,216.6554214,2023-06-22,2025-01-14 17:15:46.330,0,216.6554214
79215,50,223.9289808,2023-06-21,2025-01-14 17:15:46.330,0,223.9289808
79214,50,225.9177156,2023-06-20,2025-01-14 17:15:46.330,0,225.9177156
79213,50,225.97878,2023-06-19,2025-01-14 17:15:46.330,0,225.97878
79212,50,229.1677878,2023-06-18,2025-01-14 17:15:46.330,0,229.1677878
79211,50,210.1738986,2023-06-17,2025-01-14 17:15:46.330,0,210.1738986
79210,50,227.3076466,2023-06-16,2025-01-14 17:15:46.330,0,227.3076466
79209,50,224.6043033,2023-06-15,2025-01-14 17:15:46.330,0,224.6043033
79208,50,195.6446867,2023-06-14,2025-01-14 17:15:46.330,0,195.6446867
79207,50,196.5628308,2023-06-13,2025-01-14 17:15:46.330,0,196.5628308
79206,50,182.7278155,2023-06-12,2025-01-14 17:15:46.330,0,182.7278155
79205,50,176.8344778,2023-06-11,2025-01-14 17:15:46.330,0,176.8344778
79204,50,164.7060481,2023-06-10,2025-01-14 17:15:46.330,0,164.7060481
79203,50,122.5068577,2023-06-09,2025-01-14 17:15:46.330,0,122.5068577
79202,50,173.7554844,2023-06-08,2025-01-14 17:15:46.330,0,173.7554844
79201,50,215.181582,2023-06-07,2025-01-14 17:15:46.330,0,215.181582
79200,50,179.7125428,2023-06-06,2025-01-14 17:15:46.330,0,179.7125428
79199,50,167.8463847,2023-06-05,2025-01-14 17:15:46.330,0,167.8463847
79198,50,101.1730064,2023-06-04,2025-01-14 17:15:46.330,0,101.1730064
79197,50,153.189125,2023-06-03,2025-01-14 17:15:46.330,0,153.189125
79196,50,82.1250264,2023-06-02,2025-01-14 17:15:46.330,0,82.1250264
79195,50,180.1099761,2023-06-01,2025-01-14 17:15:46.330,0,180.1099761
79194,50,185.3559189,2023-05-31,2025-01-14 17:15:46.330,0,185.3559189
79193,50,193.7908073,2023-05-30,2025-01-14 17:15:46.330,0,193.7908073
79192,50,161.3098264,2023-05-29,2025-01-14 17:15:46.330,0,161.3098264
79191,50,171.6496381,2023-05-28,2025-01-14 17:15:46.330,0,171.6496381
79190,50,218.3389699,2023-05-27,2025-01-14 17:15:46.330,0,218.3389699
79189,50,145.8247503,2023-05-26,2025-01-14 17:15:46.330,0,145.8247503
79188,50,103.8363964,2023-05-25,2025-01-14 17:15:46.330,0,103.8363964
79187,50,176.5283037,2023-05-24,2025-01-14 17:15:46.330,0,176.5283037
79186,50,221.0917467,2023-05-23,2025-01-14 17:15:46.330,0,221.0917467
79185,50,230.5772367,2023-05-22,2025-01-14 17:15:46.330,0,230.5772367
79184,50,175.8725082,2023-05-21,2025-01-14 17:15:46.330,0,175.8725082
79183,50,147.87531,2023-05-20,2025-01-14 17:15:46.330,0,147.87531
79182,50,100.5597072,2023-05-19,2025-01-14 17:15:46.330,0,100.5597072
79181,50,173.4667969,2023-05-18,2025-01-14 17:15:46.330,0,173.4667969
79180,50,214.1991986,2023-05-17,2025-01-14 17:15:46.330,0,214.1991986
79179,50,175.6870349,2023-05-16,2025-01-14 17:15:46.330,0,175.6870349
79178,50,156.6018478,2023-05-15,2025-01-14 17:15:46.330,0,156.6018478
79177,50,198.34083,2023-05-14,2025-01-14 17:15:46.330,0,198.34083
79176,50,149.0061586,2023-05-13,2025-01-14 17:15:46.330,0,149.0061586
79175,50,191.8560141,2023-05-12,2025-01-14 17:15:46.330,0,191.8560141
79174,50,185.0764431,2023-05-11,2025-01-14 17:15:46.330,0,185.0764431
79173,50,165.38516,2023-05-10,2025-01-14 17:15:46.330,0,165.38516
79172,50,200.8682853,2023-05-09,2025-01-14 17:15:46.330,0,200.8682853
79171,50,199.7905586,2023-05-08,2025-01-14 17:15:46.330,0,199.7905586
79170,50,191.2722795,2023-05-07,2025-01-14 17:15:46.330,0,191.2722795
79169,50,212.5756122,2023-05-06,2025-01-14 17:15:46.330,0,212.5756122
79168,50,208.7326197,2023-05-05,2025-01-14 17:15:46.330,0,208.7326197
79167,50,215.9987828,2023-05-04,2025-01-14 17:15:46.330,0,215.9987828
79166,50,234.3302728,2023-05-03,2025-01-14 17:15:46.330,0,234.3302728
79165,50,244.2994409,2023-05-02,2025-01-14 17:15:46.330,0,244.2994409
79164,50,253.2460025,2023-05-01,2025-01-14 17:15:46.330,0,253.2460025
79163,50,260.1814345,2023-04-30,2025-01-14 17:15:46.330,0,260.1814345
79162,50,136.6733116,2023-04-29,2025-01-14 17:15:46.330,0,136.6733116
79161,50,228.2947042,2023-04-28,2025-01-14 17:15:46.330,0,228.2947042
79160,50,218.3616206,2023-04-27,2025-01-14 17:15:46.330,0,218.3616206
79159,50,209.3833167,2023-04-26,2025-01-14 17:15:46.330,0,209.3833167
79158,50,219.8419669,2023-04-25,2025-01-14 17:15:46.330,0,219.8419669
79157,50,234.4353256,2023-04-24,2025-01-14 17:15:46.330,0,234.4353256
79156,50,205.0183708,2023-04-23,2025-01-14 17:15:46.330,0,205.0183708
79155,50,221.6965414,2023-04-22,2025-01-14 17:15:46.330,0,221.6965414
79154,50,217.1937078,2023-04-21,2025-01-14 17:15:46.330,0,217.1937078
79153,50,212.8783517,2023-04-20,2025-01-14 17:15:46.330,0,212.8783517
79152,50,191.9983509,2023-04-19,2025-01-14 17:15:46.330,0,191.9983509
79151,50,252.2958611,2023-04-18,2025-01-14 17:15:46.330,0,252.2958611
79150,50,238.620603,2023-04-17,2025-01-14 17:15:46.330,0,238.620603
79149,50,149.7563655,2023-04-16,2025-01-14 17:15:46.330,0,149.7563655
79148,50,227.6187755,2023-04-15,2025-01-14 17:15:46.330,0,227.6187755
79147,50,249.1567294,2023-04-14,2025-01-14 17:15:46.330,0,249.1567294
79146,50,248.6085848,2023-04-13,2025-01-14 17:15:46.330,0,248.6085848
79145,50,203.5217142,2023-04-12,2025-01-14 17:15:46.330,0,203.5217142
79144,50,141.5721306,2023-04-11,2025-01-14 17:15:46.330,0,141.5721306
79143,50,242.4088352,2023-04-10,2025-01-14 17:15:46.330,0,242.4088352
79142,50,197.1903153,2023-04-09,2025-01-14 17:15:46.330,0,197.1903153
79141,50,67.5032187,2023-04-08,2025-01-14 17:15:46.330,0,67.5032187
79140,50,214.3937869,2023-04-07,2025-01-14 17:15:46.330,0,214.3937869
79139,50,232.8427426,2023-04-06,2025-01-14 17:15:46.330,0,232.8427426
79138,50,191.8424836,2023-04-05,2025-01-14 17:15:46.330,0,191.8424836
79137,50,247.8393056,2023-04-04,2025-01-14 17:15:46.330,0,247.8393056
79136,50,252.4614275,2023-04-03,2025-01-14 17:15:46.330,0,252.4614275
79135,50,248.8763431,2023-04-02,2025-01-14 17:15:46.330,0,248.8763431
79134,50,251.4144178,2023-04-01,2025-01-14 17:15:46.330,0,251.4144178
79133,50,254.1007661,2023-03-31,2025-01-14 17:15:46.330,0,254.1007661
79132,50,255.6244689,2023-03-30,2025-01-14 17:15:46.330,0,255.6244689
79131,50,97.4823814,2023-03-29,2025-01-14 17:15:46.330,0,97.4823814
79130,50,230.3975131,2023-03-28,2025-01-14 17:15:46.330,0,230.3975131
79129,50,231.0502925,2023-03-27,2025-01-14 17:15:46.330,0,231.0502925
79128,50,237.9260259,2023-03-26,2025-01-14 17:15:46.330,0,237.9260259
79127,50,224.8003424,2023-03-25,2025-01-14 17:15:46.330,0,224.8003424
79126,50,235.3271122,2023-03-24,2025-01-14 17:15:46.330,0,235.3271122
79125,50,240.6522892,2023-03-23,2025-01-14 17:15:46.330,0,240.6522892
79124,50,237.2833436,2023-03-22,2025-01-14 17:15:46.330,0,237.2833436
79123,50,246.3861664,2023-03-21,2025-01-14 17:15:46.330,0,246.3861664
79122,50,207.360602,2023-03-20,2025-01-14 17:15:46.330,0,207.360602
79121,50,94.9820325,2023-03-19,2025-01-14 17:15:46.330,0,94.9820325
79120,50,51.3420125,2023-03-18,2025-01-14 17:15:46.330,0,51.3420125
79119,50,205.1438923,2023-03-17,2025-01-14 17:15:46.330,0,205.1438923
79118,50,226.3453399,2023-03-16,2025-01-14 17:15:46.330,0,226.3453399
79117,50,166.5004359,2023-03-15,2025-01-14 17:15:46.330,0,166.5004359
79116,50,183.6492753,2023-03-14,2025-01-14 17:15:46.330,0,183.6492753
79115,50,182.2279394,2023-03-13,2025-01-14 17:15:46.330,0,182.2279394
79114,50,204.0254539,2023-03-12,2025-01-14 17:15:46.330,0,204.0254539
79113,50,211.2458972,2023-03-11,2025-01-14 17:15:46.330,0,211.2458972
79112,50,195.7569708,2023-03-10,2025-01-14 17:15:46.330,0,195.7569708
79111,50,134.6753391,2023-03-09,2025-01-14 17:15:46.330,0,134.6753391
79110,50,201.6966711,2023-03-08,2025-01-14 17:15:46.330,0,201.6966711
79109,50,173.0677413,2023-03-07,2025-01-14 17:15:46.330,0,173.0677413
79108,50,178.8047809,2023-03-06,2025-01-14 17:15:46.330,0,178.8047809
79107,50,187.6262797,2023-03-05,2025-01-14 17:15:46.330,0,187.6262797
79106,50,199.6214909,2023-03-04,2025-01-14 17:15:46.330,0,199.6214909
79105,50,198.7827298,2023-03-03,2025-01-14 17:15:46.330,0,198.7827298
79104,50,194.1807028,2023-03-02,2025-01-14 17:15:46.330,0,194.1807028
79103,50,193.7268347,2023-03-01,2025-01-14 17:15:46.330,0,193.7268347
79102,50,194.9347639,2023-02-28,2025-01-14 17:15:46.330,0,194.9347639
79101,50,192.331841,2023-02-27,2025-01-14 17:15:46.330,0,192.331841
79100,50,188.2956069,2023-02-26,2025-01-14 17:15:46.330,0,188.2956069
79099,50,192.0418275,2023-02-25,2025-01-14 17:15:46.330,0,192.0418275
79098,50,195.3774253,2023-02-24,2025-01-14 17:15:46.330,0,195.3774253
79097,50,176.8479691,2023-02-23,2025-01-14 17:15:46.330,0,176.8479691
79096,50,154.8465055,2023-02-22,2025-01-14 17:15:46.330,0,154.8465055
79095,50,191.1157187,2023-02-21,2025-01-14 17:15:46.330,0,191.1157187
79094,50,194.5593194,2023-02-20,2025-01-14 17:15:46.330,0,194.5593194
79093,50,84.2991447,2023-02-19,2025-01-14 17:15:46.330,0,84.2991447
79092,50,157.9521567,2023-02-18,2025-01-14 17:15:46.330,0,157.9521567
79091,50,147.915232,2023-02-17,2025-01-14 17:15:46.330,0,147.915232
79090,50,177.2018047,2023-02-16,2025-01-14 17:15:46.330,0,177.2018047
79089,50,176.94158,2023-02-15,2025-01-14 17:15:46.330,0,176.94158
79088,50,182.0601472,2023-02-14,2025-01-14 17:15:46.330,0,182.0601472
79087,50,183.4841376,2023-02-13,2025-01-14 17:15:46.330,0,183.4841376
79086,50,105.098298,2023-02-12,2025-01-14 17:15:46.330,0,105.098298
79085,50,78.9958933,2023-02-11,2025-01-14 17:15:46.330,0,78.9958933
79084,50,136.6147336,2023-02-10,2025-01-14 17:15:46.330,0,136.6147336
79083,50,165.2311644,2023-02-09,2025-01-14 17:15:46.330,0,165.2311644
79082,50,167.2854875,2023-02-08,2025-01-14 17:15:46.330,0,167.2854875
79081,50,170.1279602,2023-02-07,2025-01-14 17:15:46.330,0,170.1279602
79080,50,97.6447034,2023-02-06,2025-01-14 17:15:46.330,0,97.6447034
79079,50,173.4773589,2023-02-05,2025-01-14 17:15:46.330,0,173.4773589
79078,50,167.4147217,2023-02-04,2025-01-14 17:15:46.330,0,167.4147217
79077,50,145.9911425,2023-02-03,2025-01-14 17:15:46.330,0,145.9911425
79076,50,137.3484242,2023-02-02,2025-01-14 17:15:46.330,0,137.3484242
79075,50,69.9839808,2023-02-01,2025-01-14 17:15:46.330,0,69.9839808
79074,50,154.3932056,2023-01-31,2025-01-14 17:15:46.330,0,154.3932056
79073,50,155.7734603,2023-01-30,2025-01-14 17:15:46.330,0,155.7734603
79072,50,149.7668711,2023-01-29,2025-01-14 17:15:46.330,0,149.7668711
79071,50,134.9507622,2023-01-28,2025-01-14 17:15:46.330,0,134.9507622
79070,50,111.7749344,2023-01-27,2025-01-14 17:15:46.330,0,111.7749344
79069,50,43.7148903,2023-01-26,2025-01-14 17:15:46.330,0,43.7148903
79068,50,123.1063678,2023-01-25,2025-01-14 17:15:46.330,0,123.1063678
79067,50,142.1243186,2023-01-24,2025-01-14 17:15:46.330,0,142.1243186
79066,50,122.4864542,2023-01-23,2025-01-14 17:15:46.330,0,122.4864542
79065,50,133.8263446,2023-01-22,2025-01-14 17:15:46.330,0,133.8263446
79064,50,138.817074,2023-01-21,2025-01-14 17:15:46.330,0,138.817074
79063,50,122.0838539,2023-01-20,2025-01-14 17:15:46.330,0,122.0838539
79062,50,133.8201581,2023-01-19,2025-01-14 17:15:46.330,0,133.8201581
79061,50,132.6071445,2023-01-18,2025-01-14 17:15:46.330,0,132.6071445
79060,50,141.3367195,2023-01-17,2025-01-14 17:15:46.330,0,141.3367195
79059,50,142.1261341,2023-01-16,2025-01-14 17:15:46.330,0,142.1261341
79058,50,148.4117597,2023-01-15,2025-01-14 17:15:46.330,0,148.4117597
79057,50,137.8849116,2023-01-14,2025-01-14 17:15:46.330,0,137.8849116
79056,50,151.987238,2023-01-13,2025-01-14 17:15:46.330,0,151.987238
79055,50,123.7033303,2023-01-12,2025-01-14 17:15:46.330,0,123.7033303
79054,50,128.8325395,2023-01-11,2025-01-14 17:15:46.330,0,128.8325395
79053,50,107.9191188,2023-01-10,2025-01-14 17:15:46.330,0,107.9191188
79052,50,114.9302383,2023-01-09,2025-01-14 17:15:46.330,0,114.9302383
79051,50,123.2822036,2023-01-08,2025-01-14 17:15:46.330,0,123.2822036
79050,50,131.6510297,2023-01-07,2025-01-14 17:15:46.330,0,131.6510297
79049,50,126.1210227,2023-01-06,2025-01-14 17:15:46.330,0,126.1210227
79048,50,132.39263,2023-01-05,2025-01-14 17:15:46.330,0,132.39263
79047,50,129.2490303,2023-01-04,2025-01-14 17:15:46.330,0,129.2490303
79046,50,116.7095586,2023-01-03,2025-01-14 17:15:46.330,0,116.7095586
79045,50,121.2155359,2023-01-02,2025-01-14 17:15:46.330,0,121.2155359
79044,50,122.7137608,2023-01-01,2025-01-14 17:15:46.330,0,122.7137608
79043,50,77.7445747,2022-12-31,2025-01-14 17:15:46.330,0,77.7445747
79042,50,126.0652526,2022-12-30,2025-01-14 17:15:46.330,0,126.0652526
79041,50,115.9661572,2022-12-29,2025-01-14 17:15:46.330,0,115.9661572
79040,50,126.7560655,2022-12-28,2025-01-14 17:15:46.330,0,126.7560655
79039,50,90.0099467,2022-12-27,2025-01-14 17:15:46.330,0,90.0099467
79038,50,76.8450586,2022-12-26,2025-01-14 17:15:46.330,0,76.8450586
79037,50,69.9021655,2022-12-25,2025-01-14 17:15:46.330,0,69.9021655
79036,50,112.4976642,2022-12-24,2025-01-14 17:15:46.330,0,112.4976642
79035,50,114.1415103,2022-12-23,2025-01-14 17:15:46.330,0,114.1415103
79034,50,122.1485708,2022-12-22,2025-01-14 17:15:46.330,0,122.1485708
79033,50,101.3502116,2022-12-21,2025-01-14 17:15:46.330,0,101.3502116
79032,50,73.8585803,2022-12-20,2025-01-14 17:15:46.330,0,73.8585803
79031,50,124.4569636,2022-12-19,2025-01-14 17:15:46.330,0,124.4569636
79030,50,102.9335244,2022-12-18,2025-01-14 17:15:46.330,0,102.9335244
79029,50,99.5996941,2022-12-17,2025-01-14 17:15:46.330,0,99.5996941
79028,50,91.3425972,2022-12-16,2025-01-14 17:15:46.330,0,91.3425972
79027,50,92.484125,2022-12-15,2025-01-14 17:15:46.330,0,92.484125
79026,50,91.182643,2022-12-14,2025-01-14 17:15:46.330,0,91.182643
79025,50,86.9988742,2022-12-13,2025-01-14 17:15:46.330,0,86.9988742
79024,50,95.4257372,2022-12-12,2025-01-14 17:15:46.330,0,95.4257372
79023,50,95.1897289,2022-12-11,2025-01-14 17:15:46.330,0,95.1897289
79022,50,96.73973,2022-12-10,2025-01-14 17:15:46.330,0,96.73973
79021,50,102.905393,2022-12-09,2025-01-14 17:15:46.330,0,102.905393
79020,50,71.3511603,2022-12-08,2025-01-14 17:15:46.330,0,71.3511603
79019,50,97.388595,2022-12-07,2025-01-14 17:15:46.330,0,97.388595
79018,50,90.5085961,2022-12-06,2025-01-14 17:15:46.330,0,90.5085961
79017,50,102.7391747,2022-12-05,2025-01-14 17:15:46.330,0,102.7391747
79016,50,77.1830983,2022-12-04,2025-01-14 17:15:46.330,0,77.1830983
79015,50,42.0419895,2022-12-03,2025-01-14 17:15:46.330,0,42.0419895
79014,50,71.8609933,2022-12-02,2025-01-14 17:15:46.330,0,71.8609933
79013,50,71.4968256,2022-12-01,2025-01-14 17:15:46.330,0,71.4968256
79012,50,91.2628242,2022-11-30,2025-01-14 17:15:46.330,0,91.2628242
79011,50,109.3675194,2022-11-29,2025-01-14 17:15:46.330,0,109.3675194
79010,50,110.4300359,2022-11-28,2025-01-14 17:15:46.330,0,110.4300359
79009,50,75.8714517,2022-11-27,2025-01-14 17:15:46.330,0,75.8714517
79008,50,109.7841108,2022-11-26,2025-01-14 17:15:46.330,0,109.7841108
79007,50,115.4965628,2022-11-25,2025-01-14 17:15:46.330,0,115.4965628
79006,50,117.7727519,2022-11-24,2025-01-14 17:15:46.330,0,117.7727519
79005,50,119.0239536,2022-11-23,2025-01-14 17:15:46.330,0,119.0239536
79004,50,108.2259711,2022-11-22,2025-01-14 17:15:46.330,0,108.2259711
79003,50,91.7192716,2022-11-21,2025-01-14 17:15:46.330,0,91.7192716
79002,50,98.8511991,2022-11-20,2025-01-14 17:15:46.330,0,98.8511991
79001,50,63.3088608,2022-11-19,2025-01-14 17:15:46.330,0,63.3088608
79000,50,78.2536811,2022-11-18,2025-01-14 17:15:46.330,0,78.2536811
78999,50,84.4142606,2022-11-17,2025-01-14 17:15:46.330,0,84.4142606
78998,50,64.0268197,2022-11-16,2025-01-14 17:15:46.330,0,64.0268197
78997,50,111.6942139,2022-11-15,2025-01-14 17:15:46.330,0,111.6942139
78996,50,131.4692958,2022-11-14,2025-01-14 17:15:46.330,0,131.4692958
78995,50,80.90693,2022-11-13,2025-01-14 17:15:46.330,0,80.90693
78994,50,106.4550362,2022-11-12,2025-01-14 17:15:46.330,0,106.4550362
78993,50,138.3503763,2022-11-11,2025-01-14 17:15:46.330,0,138.3503763
78992,50,140.5755414,2022-11-10,2025-01-14 17:15:46.330,0,140.5755414
78991,50,142.2905172,2022-11-09,2025-01-14 17:15:46.330,0,142.2905172
78990,50,92.7294805,2022-11-08,2025-01-14 17:15:46.330,0,92.7294805
78989,50,30.6420198,2022-11-07,2025-01-14 17:15:46.330,0,30.6420198
78988,50,74.3541314,2022-11-06,2025-01-14 17:15:46.330,0,74.3541314
78987,50,71.8911703,2022-11-05,2025-01-14 17:15:46.330,0,71.8911703
78986,50,64.9866494,2022-11-04,2025-01-14 17:15:46.330,0,64.9866494
78985,50,89.6730172,2022-11-03,2025-01-14 17:15:46.330,0,89.6730172
78984,50,80.4042301,2022-11-02,2025-01-14 17:15:46.330,0,80.4042301
78983,50,82.2997597,2022-11-01,2025-01-14 17:15:46.330,0,82.2997597
78982,50,81.1025417,2022-10-31,2025-01-14 17:15:46.330,0,81.1025417
78981,50,83.6174033,2022-10-30,2025-01-14 17:15:46.330,0,83.6174033
78980,50,59.2920886,2022-10-29,2025-01-14 17:15:46.330,0,59.2920886
78979,50,87.6515186,2022-10-28,2025-01-14 17:15:46.330,0,87.6515186
78978,50,72.1011372,2022-10-27,2025-01-14 17:15:46.330,0,72.1011372
78977,50,86.338905,2022-10-26,2025-01-14 17:15:46.330,0,86.338905
78976,50,94.0832125,2022-10-25,2025-01-14 17:15:46.330,0,94.0832125
78975,50,94.3531044,2022-10-24,2025-01-14 17:15:46.330,0,94.3531044
78974,50,94.9969442,2022-10-23,2025-01-14 17:15:46.330,0,94.9969442
78973,50,97.1675454,2022-10-22,2025-01-14 17:15:46.330,0,97.1675454
78972,50,67.3042816,2022-10-21,2025-01-14 17:15:46.330,0,67.3042816
78971,50,91.7533106,2022-10-20,2025-01-14 17:15:46.330,0,91.7533106
78970,50,94.2082309,2022-10-19,2025-01-14 17:15:46.330,0,94.2082309
78969,50,87.976836,2022-10-18,2025-01-14 17:15:46.330,0,87.976836
78968,50,93.7411883,2022-10-17,2025-01-14 17:15:46.330,0,93.7411883
78967,50,92.9132045,2022-10-16,2025-01-14 17:15:46.330,0,92.9132045
78966,50,114.9823716,2022-10-15,2025-01-14 17:15:46.330,0,114.9823716
78965,50,119.0057913,2022-10-14,2025-01-14 17:15:46.330,0,119.0057913
78964,50,106.4455494,2022-10-13,2025-01-14 17:15:46.330,0,106.4455494
78963,50,103.381228,2022-10-12,2025-01-14 17:15:46.330,0,103.381228
78962,50,53.8140478,2022-10-11,2025-01-14 17:15:46.330,0,53.8140478
78961,50,98.6277508,2022-10-10,2025-01-14 17:15:46.330,0,98.6277508
78960,50,99.351205,2022-10-09,2025-01-14 17:15:46.330,0,99.351205
78959,50,125.8227349,2022-10-08,2025-01-14 17:15:46.330,0,125.8227349
78958,50,121.8898384,2022-10-07,2025-01-14 17:15:46.330,0,121.8898384
78957,50,112.2314358,2022-10-06,2025-01-14 17:15:46.330,0,112.2314358
78956,50,54.5812453,2022-10-05,2025-01-14 17:15:46.330,0,54.5812453
78955,50,139.1185292,2022-10-04,2025-01-14 17:15:46.330,0,139.1185292
78954,50,137.6589853,2022-10-03,2025-01-14 17:15:46.330,0,137.6589853
78953,50,132.10241,2022-10-02,2025-01-14 17:15:46.330,0,132.10241
78952,50,150.1290053,2022-10-01,2025-01-14 17:15:46.330,0,150.1290053
78951,50,147.8497742,2022-09-30,2025-01-14 17:15:46.330,0,147.8497742
78950,50,94.3030025,2022-09-29,2025-01-14 17:15:46.330,0,94.3030025
78949,50,79.160855,2022-09-28,2025-01-14 17:15:46.330,0,79.160855
78948,50,147.1135203,2022-09-27,2025-01-14 17:15:46.330,0,147.1135203
78947,50,145.2833701,2022-09-26,2025-01-14 17:15:46.330,0,145.2833701
78946,50,71.3276014,2022-09-25,2025-01-14 17:15:46.330,0,71.3276014
78945,50,155.6569361,2022-09-24,2025-01-14 17:15:46.330,0,155.6569361
78944,50,160.8635517,2022-09-23,2025-01-14 17:15:46.330,0,160.8635517
78943,50,167.2603733,2022-09-22,2025-01-14 17:15:46.330,0,167.2603733
78942,50,152.5498298,2022-09-21,2025-01-14 17:15:46.330,0,152.5498298
78941,50,146.1882264,2022-09-20,2025-01-14 17:15:46.330,0,146.1882264
78940,50,28.2582481,2022-09-19,2025-01-14 17:15:46.330,0,28.2582481
78939,50,0,2022-09-18,2025-01-14 17:15:46.330,0,0
78938,50,0,2022-09-17,2025-01-14 17:15:46.330,0,0
78937,50,0,2022-09-16,2025-01-14 17:15:46.330,0,0
78936,50,0,2022-09-15,2025-01-14 17:15:46.330,0,0
78935,50,0,2022-09-14,2025-01-14 17:15:46.330,0,0
78934,50,0,2022-09-13,2025-01-14 17:15:46.330,0,0
78933,50,0,2022-09-12,2025-01-14 17:15:46.330,0,0
78932,50,0,2022-09-11,2025-01-14 17:15:46.330,0,0
78931,50,0,2022-09-10,2025-01-14 17:15:46.330,0,0
78930,50,0,2022-09-09,2025-01-14 17:15:46.330,0,0
78929,50,0,2022-09-08,2025-01-14 17:15:46.330,0,0
78928,50,0,2022-09-07,2025-01-14 17:15:46.330,0,0
78927,50,0,2022-09-06,2025-01-14 17:15:46.330,0,0
78926,50,0,2022-09-05,2025-01-14 17:15:46.330,0,0
78925,50,0,2022-09-04,2025-01-14 17:15:46.330,0,0
78924,50,0,2022-09-03,2025-01-14 17:15:46.330,0,0
78923,50,0,2022-09-02,2025-01-14 17:15:46.330,0,0
78922,50,0,2022-09-01,2025-01-14 17:15:46.330,0,0
78921,50,195.3927167,2022-08-31,2025-01-14 17:15:46.330,0,195.3927167
78920,50,181.2625089,2022-08-30,2025-01-14 17:15:46.330,0,181.2625089
78919,50,195.0927956,2022-08-29,2025-01-14 17:15:46.330,0,195.0927956
78918,50,161.6684245,2022-08-28,2025-01-14 17:15:46.330,0,161.6684245
78917,50,143.7429331,2022-08-27,2025-01-14 17:15:46.330,0,143.7429331
78916,50,208.0444225,2022-08-26,2025-01-14 17:15:46.330,0,208.0444225
78915,50,207.4348544,2022-08-25,2025-01-14 17:15:46.330,0,207.4348544
78914,50,211.2191222,2022-08-24,2025-01-14 17:15:46.330,0,211.2191222
78913,50,221.9003041,2022-08-23,2025-01-14 17:15:46.330,0,221.9003041
78912,50,217.6727958,2022-08-22,2025-01-14 17:15:46.330,0,217.6727958
78911,50,219.8363675,2022-08-21,2025-01-14 17:15:46.330,0,219.8363675
78910,50,205.6091119,2022-08-20,2025-01-14 17:15:46.330,0,205.6091119
78909,50,189.5348408,2022-08-19,2025-01-14 17:15:46.330,0,189.5348408
78908,50,223.5584694,2022-08-18,2025-01-14 17:15:46.330,0,223.5584694
78907,50,138.2636075,2022-08-17,2025-01-14 17:15:46.330,0,138.2636075
78906,50,221.7229586,2022-08-16,2025-01-14 17:15:46.330,0,221.7229586
78905,50,221.8764406,2022-08-15,2025-01-14 17:15:46.330,0,221.8764406
78904,50,238.4609175,2022-08-14,2025-01-14 17:15:46.330,0,238.4609175
78903,50,220.0775356,2022-08-13,2025-01-14 17:15:46.330,0,220.0775356
78902,50,213.6423181,2022-08-12,2025-01-14 17:15:46.330,0,213.6423181
78901,50,226.0396908,2022-08-11,2025-01-14 17:15:46.330,0,226.0396908
78900,50,231.7264489,2022-08-10,2025-01-14 17:15:46.330,0,231.7264489
78899,50,189.8735267,2022-08-09,2025-01-14 17:15:46.330,0,189.8735267
78898,50,170.2663375,2022-08-08,2025-01-14 17:15:46.330,0,170.2663375
78897,50,218.644105,2022-08-07,2025-01-14 17:15:46.330,0,218.644105
78896,50,242.7128975,2022-08-06,2025-01-14 17:15:46.330,0,242.7128975
78895,50,247.02745,2022-08-05,2025-01-14 17:15:46.330,0,247.02745
78894,50,250.5062014,2022-08-04,2025-01-14 17:15:46.330,0,250.5062014
78893,50,252.5311083,2022-08-03,2025-01-14 17:15:46.330,0,252.5311083
78892,50,13.5870487,2022-08-02,2025-01-14 17:15:46.330,0,13.5870487
78891,50,143.9010634,2022-08-01,2025-01-14 17:15:46.330,0,143.9010634
78890,50,232.9796056,2022-07-31,2025-01-14 17:15:46.330,0,232.9796056
78889,50,203.2936547,2022-07-30,2025-01-14 17:15:46.330,0,203.2936547
78888,50,97.0741883,2022-07-29,2025-01-14 17:15:46.330,0,97.0741883
78887,50,140.1098859,2022-07-28,2025-01-14 17:15:46.330,0,140.1098859
78886,50,252.5631453,2022-07-27,2025-01-14 17:15:46.330,0,252.5631453
78885,50,235.1723536,2022-07-26,2025-01-14 17:15:46.330,0,235.1723536
78884,50,221.3676628,2022-07-25,2025-01-14 17:15:46.330,0,221.3676628
78883,50,188.6001761,2022-07-24,2025-01-14 17:15:46.330,0,188.6001761
78882,50,197.7527778,2022-07-23,2025-01-14 17:15:46.330,0,197.7527778
78881,50,238.0659603,2022-07-22,2025-01-14 17:15:46.330,0,238.0659603
78880,50,248.3156031,2022-07-21,2025-01-14 17:15:46.330,0,248.3156031
78879,50,257.2287616,2022-07-20,2025-01-14 17:15:46.330,0,257.2287616
78878,50,205.4624548,2022-07-19,2025-01-14 17:15:46.330,0,205.4624548
78877,50,262.6064614,2022-07-18,2025-01-14 17:15:46.330,0,262.6064614
78876,50,131.0864953,2022-07-17,2025-01-14 17:15:46.330,0,131.0864953
78875,50,252.8607802,2022-07-16,2025-01-14 17:15:46.330,0,252.8607802
78874,50,210.3885742,2022-07-15,2025-01-14 17:15:46.330,0,210.3885742
78873,50,117.8208064,2022-07-14,2025-01-14 17:15:46.330,0,117.8208064
78872,50,155.5519295,2022-07-13,2025-01-14 17:15:46.330,0,155.5519295
78871,50,248.1206395,2022-07-12,2025-01-14 17:15:46.330,0,248.1206395
78870,50,274.0414886,2022-07-11,2025-01-14 17:15:46.330,0,274.0414886
78869,50,269.0172506,2022-07-10,2025-01-14 17:15:46.330,0,269.0172506
78868,50,263.58623,2022-07-09,2025-01-14 17:15:46.330,0,263.58623
78867,50,248.8835175,2022-07-08,2025-01-14 17:15:46.330,0,248.8835175
78866,50,234.7403345,2022-07-07,2025-01-14 17:15:46.330,0,234.7403345
78865,50,253.7200961,2022-07-06,2025-01-14 17:15:46.330,0,253.7200961
78864,50,248.3367836,2022-07-05,2025-01-14 17:15:46.330,0,248.3367836
78863,50,62.8340736,2022-07-04,2025-01-14 17:15:46.330,0,62.8340736
78862,50,259.2949516,2022-07-03,2025-01-14 17:15:46.330,0,259.2949516
78861,50,264.4711461,2022-07-02,2025-01-14 17:15:46.330,0,264.4711461
78860,50,264.3153353,2022-07-01,2025-01-14 17:15:46.330,0,264.3153353
78859,50,276.3983481,2022-06-30,2025-01-14 17:15:46.330,0,276.3983481
78858,50,273.6125028,2022-06-29,2025-01-14 17:15:46.330,0,273.6125028
78857,50,256.0772756,2022-06-28,2025-01-14 17:15:46.330,0,256.0772756
78856,50,254.2866322,2022-06-27,2025-01-14 17:15:46.330,0,254.2866322
78855,50,232.6549683,2022-06-26,2025-01-14 17:15:46.330,0,232.6549683
78854,50,242.3700989,2022-06-25,2025-01-14 17:15:46.330,0,242.3700989
78853,50,254.7276417,2022-06-24,2025-01-14 17:15:46.330,0,254.7276417
78852,50,269.0610483,2022-06-23,2025-01-14 17:15:46.330,0,269.0610483
78851,50,111.1926222,2022-06-22,2025-01-14 17:15:46.330,0,111.1926222
78850,50,150.1755017,2022-06-21,2025-01-14 17:15:46.330,0,150.1755017
78849,50,157.5348537,2022-06-20,2025-01-14 17:15:46.330,0,157.5348537
78848,50,65.9416242,2022-06-19,2025-01-14 17:15:46.330,0,65.9416242
78847,50,208.5397075,2022-06-18,2025-01-14 17:15:46.330,0,208.5397075
78846,50,219.88888,2022-06-17,2025-01-14 17:15:46.330,0,219.88888
78845,50,245.1212653,2022-06-16,2025-01-14 17:15:46.330,0,245.1212653
78844,50,144.5558806,2022-06-15,2025-01-14 17:15:46.330,0,144.5558806
78843,50,217.1158192,2022-06-14,2025-01-14 17:15:46.330,0,217.1158192
78842,50,94.7755147,2022-06-13,2025-01-14 17:15:46.330,0,94.7755147
78841,50,203.4701656,2022-06-12,2025-01-14 17:15:46.330,0,203.4701656
78840,50,275.8764006,2022-06-11,2025-01-14 17:15:46.330,0,275.8764006
78839,50,264.9931456,2022-06-10,2025-01-14 17:15:46.330,0,264.9931456
78838,50,47.0147911,2022-06-09,2025-01-14 17:15:46.330,0,47.0147911
78837,50,239.3342853,2022-06-08,2025-01-14 17:15:46.330,0,239.3342853
78836,50,219.4057991,2022-06-07,2025-01-14 17:15:46.330,0,219.4057991
78835,50,241.3936774,2022-06-06,2025-01-14 17:15:46.330,0,241.3936774
78834,50,272.069388,2022-06-05,2025-01-14 17:15:46.330,0,272.069388
78833,50,268.150033,2022-06-04,2025-01-14 17:15:46.330,0,268.150033
78832,50,264.98534,2022-06-03,2025-01-14 17:15:46.330,0,264.98534
78831,50,279.1018285,2022-06-02,2025-01-14 17:15:46.330,0,279.1018285
78830,50,226.5063303,2022-06-01,2025-01-14 17:15:46.330,0,226.5063303
78829,50,141.2050853,2022-05-31,2025-01-14 17:15:46.330,0,141.2050853
78828,50,142.1829539,2022-05-30,2025-01-14 17:15:46.330,0,142.1829539
78827,50,201.6350356,2022-05-29,2025-01-14 17:15:46.330,0,201.6350356
78826,50,225.8999672,2022-05-28,2025-01-14 17:15:46.330,0,225.8999672
78825,50,230.33949,2022-05-27,2025-01-14 17:15:46.330,0,230.33949
78824,50,227.498013,2022-05-26,2025-01-14 17:15:46.330,0,227.498013
78823,50,202.5727566,2022-05-25,2025-01-14 17:15:46.330,0,202.5727566
78822,50,224.9167572,2022-05-24,2025-01-14 17:15:46.330,0,224.9167572
78821,50,244.0768172,2022-05-23,2025-01-14 17:15:46.330,0,244.0768172
78820,50,240.0596706,2022-05-22,2025-01-14 17:15:46.330,0,240.0596706
78819,50,240.3177069,2022-05-21,2025-01-14 17:15:46.330,0,240.3177069
78818,50,249.3119348,2022-05-20,2025-01-14 17:15:46.330,0,249.3119348
78817,50,235.9460381,2022-05-19,2025-01-14 17:15:46.330,0,235.9460381
78816,50,243.902264,2022-05-18,2025-01-14 17:15:46.330,0,243.902264
78815,50,263.5968012,2022-05-17,2025-01-14 17:15:46.330,0,263.5968012
78814,50,84.473577,2022-05-16,2025-01-14 17:15:46.330,0,84.473577
78813,50,258.8196048,2022-05-15,2025-01-14 17:15:46.330,0,258.8196048
78812,50,251.5301513,2022-05-14,2025-01-14 17:15:46.330,0,251.5301513
78811,50,269.7033015,2022-05-13,2025-01-14 17:15:46.330,0,269.7033015
78810,50,206.50472,2022-05-12,2025-01-14 17:15:46.330,0,206.50472
78809,50,239.1768575,2022-05-11,2025-01-14 17:15:46.330,0,239.1768575
78808,50,223.4556422,2022-05-10,2025-01-14 17:15:46.330,0,223.4556422
78807,50,245.9493256,2022-05-09,2025-01-14 17:15:46.330,0,245.9493256
78806,50,243.6865505,2022-05-08,2025-01-14 17:15:46.330,0,243.6865505
78805,50,239.47793,2022-05-07,2025-01-14 17:15:46.330,0,239.47793
78804,50,236.0796534,2022-05-06,2025-01-14 17:15:46.330,0,236.0796534
78803,50,239.820628,2022-05-05,2025-01-14 17:15:46.330,0,239.820628
78802,50,247.0273,2022-05-04,2025-01-14 17:15:46.330,0,247.0273
78801,50,208.6905798,2022-05-03,2025-01-14 17:15:46.330,0,208.6905798
78800,50,244.3742531,2022-05-02,2025-01-14 17:15:46.330,0,244.3742531
78799,50,244.5179581,2022-05-01,2025-01-14 17:15:46.330,0,244.5179581
78798,50,239.2939781,2022-04-30,2025-01-14 17:15:46.330,0,239.2939781
78797,50,265.239365,2022-04-29,2025-01-14 17:15:46.330,0,265.239365
78796,50,272.6143728,2022-04-28,2025-01-14 17:15:46.330,0,272.6143728
78795,50,193.7825622,2022-04-27,2025-01-14 17:15:46.330,0,193.7825622
78794,50,273.4582919,2022-04-26,2025-01-14 17:15:46.330,0,273.4582919
78793,50,120.8975759,2022-04-25,2025-01-14 17:15:46.330,0,120.8975759
78792,50,0,2022-04-24,2025-01-14 17:15:46.330,0,0
78791,50,0,2022-04-23,2025-01-14 17:15:46.330,0,0
78790,50,24.7652555,2022-04-22,2025-01-14 17:15:46.330,0,24.7652555
78789,50,197.0351936,2022-04-21,2025-01-14 17:15:46.330,0,197.0351936
78788,50,225.7067997,2022-04-20,2025-01-14 17:15:46.330,0,225.7067997
78787,50,154.7398888,2022-04-19,2025-01-14 17:15:46.330,0,154.7398888
78786,50,171.7918372,2022-04-18,2025-01-14 17:15:46.330,0,171.7918372
78785,50,226.8111909,2022-04-17,2025-01-14 17:15:46.330,0,226.8111909
78784,50,222.60323,2022-04-16,2025-01-14 17:15:46.330,0,222.60323
78783,50,218.7103511,2022-04-15,2025-01-14 17:15:46.330,0,218.7103511
78782,50,227.9769775,2022-04-14,2025-01-14 17:15:46.330,0,227.9769775
78781,50,215.9774655,2022-04-13,2025-01-14 17:15:46.330,0,215.9774655
78780,50,224.4700358,2022-04-12,2025-01-14 17:15:46.330,0,224.4700358
78779,50,219.2531531,2022-04-11,2025-01-14 17:15:46.330,0,219.2531531
78778,50,229.6447636,2022-04-10,2025-01-14 17:15:46.330,0,229.6447636
78777,50,231.5458488,2022-04-09,2025-01-14 17:15:46.330,0,231.5458488
78776,50,224.5733908,2022-04-08,2025-01-14 17:15:46.330,0,224.5733908
78775,50,216.3501397,2022-04-07,2025-01-14 17:15:46.330,0,216.3501397
78774,50,215.4735211,2022-04-06,2025-01-14 17:15:46.330,0,215.4735211
78773,50,213.0494249,2022-04-05,2025-01-14 17:15:46.330,0,213.0494249
78772,50,210.2225125,2022-04-04,2025-01-14 17:15:46.330,0,210.2225125
78771,50,139.6966335,2022-04-03,2025-01-14 17:15:46.330,0,139.6966335
78770,50,212.2232398,2022-04-02,2025-01-14 17:15:46.330,0,212.2232398
78769,50,128.0811691,2022-04-01,2025-01-14 17:15:46.330,0,128.0811691
78768,50,220.8615586,2022-03-31,2025-01-14 17:15:46.330,0,220.8615586
78767,50,215.3474302,2022-03-30,2025-01-14 17:15:46.330,0,215.3474302
78766,50,221.1445573,2022-03-29,2025-01-14 17:15:46.330,0,221.1445573
78765,50,229.5473158,2022-03-28,2025-01-14 17:15:46.330,0,229.5473158
78764,50,241.2538842,2022-03-27,2025-01-14 17:15:46.330,0,241.2538842
78763,50,239.2035345,2022-03-26,2025-01-14 17:15:46.330,0,239.2035345
78762,50,234.4464333,2022-03-25,2025-01-14 17:15:46.330,0,234.4464333
78761,50,108.9540784,2022-03-24,2025-01-14 17:15:46.330,0,108.9540784
78760,50,72.0017534,2022-03-23,2025-01-14 17:15:46.330,0,72.0017534
78759,50,206.1453164,2022-03-22,2025-01-14 17:15:46.330,0,206.1453164
78758,50,217.7537283,2022-03-21,2025-01-14 17:15:46.330,0,217.7537283
78757,50,163.8049372,2022-03-20,2025-01-14 17:15:46.330,0,163.8049372
78756,50,187.075593,2022-03-19,2025-01-14 17:15:46.330,0,187.075593
78755,50,203.9901456,2022-03-18,2025-01-14 17:15:46.330,0,203.9901456
78754,50,194.0909755,2022-03-17,2025-01-14 17:15:46.330,0,194.0909755
78753,50,206.1766952,2022-03-16,2025-01-14 17:15:46.330,0,206.1766952
78752,50,209.4680294,2022-03-15,2025-01-14 17:15:46.330,0,209.4680294
78751,50,218.8257352,2022-03-14,2025-01-14 17:15:46.330,0,218.8257352
78750,50,230.4885139,2022-03-13,2025-01-14 17:15:46.330,0,230.4885139
78749,50,117.5986176,2022-03-12,2025-01-14 17:15:46.330,0,117.5986176
78748,50,168.9948145,2022-03-11,2025-01-14 17:15:46.330,0,168.9948145
78747,50,191.8302223,2022-03-10,2025-01-14 17:15:46.330,0,191.8302223
78746,50,100.7033169,2022-03-09,2025-01-14 17:15:46.330,0,100.7033169
78745,50,157.7212861,2022-03-08,2025-01-14 17:15:46.330,0,157.7212861
78744,50,200.0774958,2022-03-07,2025-01-14 17:15:46.330,0,200.0774958
78743,50,177.8940706,2022-03-06,2025-01-14 17:15:46.330,0,177.8940706
78742,50,186.541737,2022-03-05,2025-01-14 17:15:46.330,0,186.541737
78741,50,199.6657744,2022-03-04,2025-01-14 17:15:46.330,0,199.6657744
78740,50,174.1881578,2022-03-03,2025-01-14 17:15:46.330,0,174.1881578
78739,50,195.8963133,2022-03-02,2025-01-14 17:15:46.330,0,195.8963133
78738,50,207.9686795,2022-03-01,2025-01-14 17:15:46.330,0,207.9686795
78737,50,168.1281009,2022-02-28,2025-01-14 17:15:46.330,0,168.1281009
78736,50,180.4473297,2022-02-27,2025-01-14 17:15:46.330,0,180.4473297
78735,50,199.3760094,2022-02-26,2025-01-14 17:15:46.330,0,199.3760094
78734,50,186.6182708,2022-02-25,2025-01-14 17:15:46.330,0,186.6182708
78733,50,183.1275686,2022-02-24,2025-01-14 17:15:46.330,0,183.1275686
78732,50,183.9597786,2022-02-23,2025-01-14 17:15:46.330,0,183.9597786
78731,50,180.7306952,2022-02-22,2025-01-14 17:15:46.330,0,180.7306952
78730,50,175.7406136,2022-02-21,2025-01-14 17:15:46.330,0,175.7406136
78729,50,176.8204008,2022-02-20,2025-01-14 17:15:46.330,0,176.8204008
78728,50,177.6584464,2022-02-19,2025-01-14 17:15:46.330,0,177.6584464
78727,50,174.3333633,2022-02-18,2025-01-14 17:15:46.330,0,174.3333633
78726,50,169.6217089,2022-02-17,2025-01-14 17:15:46.330,0,169.6217089
78725,50,168.8441655,2022-02-16,2025-01-14 17:15:46.330,0,168.8441655
78724,50,165.7252275,2022-02-15,2025-01-14 17:15:46.330,0,165.7252275
78723,50,137.4414106,2022-02-14,2025-01-14 17:15:46.330,0,137.4414106
78722,50,138.0051444,2022-02-13,2025-01-14 17:15:46.330,0,138.0051444
78721,50,90.4637364,2022-02-12,2025-01-14 17:15:46.330,0,90.4637364
78720,50,148.1132845,2022-02-11,2025-01-14 17:15:46.330,0,148.1132845
78719,50,136.8896758,2022-02-10,2025-01-14 17:15:46.330,0,136.8896758
78718,50,119.0359669,2022-02-09,2025-01-14 17:15:46.330,0,119.0359669
78717,50,76.5487375,2022-02-08,2025-01-14 17:15:46.330,0,76.5487375
78716,50,112.327955,2022-02-07,2025-01-14 17:15:46.330,0,112.327955
78715,50,143.5536167,2022-02-06,2025-01-14 17:15:46.330,0,143.5536167
78714,50,81.7650517,2022-02-05,2025-01-14 17:15:46.330,0,81.7650517
78713,50,39.9376389,2022-02-04,2025-01-14 17:15:46.330,0,39.9376389
78712,50,133.354065,2022-02-03,2025-01-14 17:15:46.330,0,133.354065
78711,50,128.0849989,2022-02-02,2025-01-14 17:15:46.330,0,128.0849989
78710,50,128.8444966,2022-02-01,2025-01-14 17:15:46.330,0,128.8444966
78709,50,130.4255875,2022-01-31,2025-01-14 17:15:46.330,0,130.4255875
78708,50,129.2805572,2022-01-30,2025-01-14 17:15:46.330,0,129.2805572
78707,50,52.5658427,2022-01-29,2025-01-14 17:15:46.330,0,52.5658427
78706,50,97.4464339,2022-01-28,2025-01-14 17:15:46.330,0,97.4464339
78705,50,64.6390363,2022-01-27,2025-01-14 17:15:46.330,0,64.6390363
78704,50,53.9252086,2022-01-26,2025-01-14 17:15:46.330,0,53.9252086
78703,50,121.5849772,2022-01-25,2025-01-14 17:15:46.330,0,121.5849772
78702,50,124.9026292,2022-01-24,2025-01-14 17:15:46.330,0,124.9026292
78701,50,118.994145,2022-01-23,2025-01-14 17:15:46.330,0,118.994145
78700,50,102.0719508,2022-01-22,2025-01-14 17:15:46.330,0,102.0719508
78699,50,72.7632927,2022-01-21,2025-01-14 17:15:46.330,0,72.7632927
78698,50,103.2197061,2022-01-20,2025-01-14 17:15:46.330,0,103.2197061
78697,50,83.8713381,2022-01-19,2025-01-14 17:15:46.330,0,83.8713381
78696,50,113.0739914,2022-01-18,2025-01-14 17:15:46.330,0,113.0739914
78695,50,106.0181616,2022-01-17,2025-01-14 17:15:46.330,0,106.0181616
78694,50,76.3904356,2022-01-16,2025-01-14 17:15:46.330,0,76.3904356
78693,50,109.0651661,2022-01-15,2025-01-14 17:15:46.330,0,109.0651661
78692,50,90.0069644,2022-01-14,2025-01-14 17:15:46.330,0,90.0069644
78691,50,101.9984853,2022-01-13,2025-01-14 17:15:46.330,0,101.9984853
78690,50,112.6021061,2022-01-12,2025-01-14 17:15:46.330,0,112.6021061
78689,50,108.3421606,2022-01-11,2025-01-14 17:15:46.330,0,108.3421606
78688,50,25.4586814,2022-01-10,2025-01-14 17:15:46.330,0,25.4586814
78687,50,101.2931452,2022-01-09,2025-01-14 17:15:46.330,0,101.2931452
78686,50,96.4420141,2022-01-08,2025-01-14 17:15:46.330,0,96.4420141
78685,50,80.2907111,2022-01-07,2025-01-14 17:15:46.330,0,80.2907111
78684,50,91.3092756,2022-01-06,2025-01-14 17:15:46.330,0,91.3092756
78683,50,96.2107486,2022-01-05,2025-01-14 17:15:46.330,0,96.2107486
78682,50,96.0533509,2022-01-04,2025-01-14 17:15:46.330,0,96.0533509
78681,50,109.3924696,2022-01-03,2025-01-14 17:15:46.330,0,109.3924696
78680,50,80.2440022,2022-01-02,2025-01-14 17:15:46.330,0,80.2440022
78679,50,82.3717344,2022-01-01,2025-01-14 17:15:46.330,0,82.3717344
78678,50,82.1564951,2021-12-31,2025-01-14 17:15:46.330,0,82.1564951
78677,50,82.8264442,2021-12-30,2025-01-14 17:15:46.330,0,82.8264442
78676,50,81.6297805,2021-12-29,2025-01-14 17:15:46.330,0,81.6297805
78675,50,83.3739811,2021-12-28,2025-01-14 17:15:46.330,0,83.3739811
78674,50,83.9093452,2021-12-27,2025-01-14 17:15:46.330,0,83.9093452
78673,50,83.6778811,2021-12-26,2025-01-14 17:15:46.330,0,83.6778811
78672,50,83.5300848,2021-12-25,2025-01-14 17:15:46.330,0,83.5300848
78671,50,82.5085978,2021-12-24,2025-01-14 17:15:46.330,0,82.5085978
78670,50,81.4360266,2021-12-23,2025-01-14 17:15:46.330,0,81.4360266
78669,50,78.4700608,2021-12-22,2025-01-14 17:15:46.330,0,78.4700608
78668,50,71.4584709,2021-12-21,2025-01-14 17:15:46.330,0,71.4584709
78667,50,53.3909334,2021-12-20,2025-01-14 17:15:46.330,0,53.3909334
78666,50,78.7139603,2021-12-19,2025-01-14 17:15:46.330,0,78.7139603
78665,50,81.0970284,2021-12-18,2025-01-14 17:15:46.330,0,81.0970284
78664,50,82.3380998,2021-12-17,2025-01-14 17:15:46.330,0,82.3380998
78663,50,87.5678858,2021-12-16,2025-01-14 17:15:46.330,0,87.5678858
78662,50,95.023285,2021-12-15,2025-01-14 17:15:46.330,0,95.023285
78661,50,77.9795269,2021-12-14,2025-01-14 17:15:46.330,0,77.9795269
78660,50,75.57436,2021-12-13,2025-01-14 17:15:46.330,0,75.57436
78659,50,73.5275115,2021-12-12,2025-01-14 17:15:46.330,0,73.5275115
78658,50,73.1489408,2021-12-11,2025-01-14 17:15:46.330,0,73.1489408
78657,50,68.6567328,2021-12-10,2025-01-14 17:15:46.330,0,68.6567328
78656,50,71.4120898,2021-12-09,2025-01-14 17:15:46.330,0,71.4120898
78655,50,72.857315,2021-12-08,2025-01-14 17:15:46.330,0,72.857315
78654,50,74.5889799,2021-12-07,2025-01-14 17:15:46.330,0,74.5889799
78653,50,73.1803266,2021-12-06,2025-01-14 17:15:46.330,0,73.1803266
78652,50,73.8105333,2021-12-05,2025-01-14 17:15:46.330,0,73.8105333
78651,50,74.3333661,2021-12-04,2025-01-14 17:15:46.330,0,74.3333661
78650,50,75.7243864,2021-12-03,2025-01-14 17:15:46.330,0,75.7243864
78649,50,90.4309233,2021-12-02,2025-01-14 17:15:46.330,0,90.4309233
78648,50,84.9997169,2021-12-01,2025-01-14 17:15:46.330,0,84.9997169
78647,50,82.952455,2021-11-30,2025-01-14 17:15:46.330,0,82.952455
78646,50,85.0504447,2021-11-29,2025-01-14 17:15:46.330,0,85.0504447
78645,50,88.9780064,2021-11-28,2025-01-14 17:15:46.330,0,88.9780064
78644,50,83.1928469,2021-11-27,2025-01-14 17:15:46.330,0,83.1928469
78643,50,84.0501577,2021-11-26,2025-01-14 17:15:46.330,0,84.0501577
78642,50,87.2605175,2021-11-25,2025-01-14 17:15:46.330,0,87.2605175
78641,50,84.888463,2021-11-24,2025-01-14 17:15:46.330,0,84.888463
78640,50,64.6791953,2021-11-23,2025-01-14 17:15:46.330,0,64.6791953
78639,50,79.8856664,2021-11-22,2025-01-14 17:15:46.330,0,79.8856664
78638,50,90.8031458,2021-11-21,2025-01-14 17:15:46.330,0,90.8031458
78637,50,88.7509864,2021-11-20,2025-01-14 17:15:46.330,0,88.7509864
78636,50,69.3746787,2021-11-19,2025-01-14 17:15:46.330,0,69.3746787
78635,50,93.313435,2021-11-18,2025-01-14 17:15:46.330,0,93.313435
78634,50,91.7012775,2021-11-17,2025-01-14 17:15:46.330,0,91.7012775
78633,50,94.8634944,2021-11-16,2025-01-14 17:15:46.330,0,94.8634944
78632,50,100.3491714,2021-11-15,2025-01-14 17:15:46.330,0,100.3491714
78631,50,97.5508811,2021-11-14,2025-01-14 17:15:46.330,0,97.5508811
78630,50,91.8838976,2021-11-13,2025-01-14 17:15:46.330,0,91.8838976
78629,50,101.1618378,2021-11-12,2025-01-14 17:15:46.330,0,101.1618378
78628,50,107.2403564,2021-11-11,2025-01-14 17:15:46.330,0,107.2403564
78627,50,107.076532,2021-11-10,2025-01-14 17:15:46.330,0,107.076532
78626,50,95.0417661,2021-11-09,2025-01-14 17:15:46.330,0,95.0417661
78625,50,109.3382705,2021-11-08,2025-01-14 17:15:46.330,0,109.3382705
78624,50,71.4110678,2021-11-07,2025-01-14 17:15:46.330,0,71.4110678
78623,50,106.2860605,2021-11-06,2025-01-14 17:15:46.330,0,106.2860605
78622,50,95.5703363,2021-11-05,2025-01-14 17:15:46.330,0,95.5703363
78621,50,113.3056041,2021-11-04,2025-01-14 17:15:46.330,0,113.3056041
78620,50,114.1441703,2021-11-03,2025-01-14 17:15:46.330,0,114.1441703
78619,50,125.3774211,2021-11-02,2025-01-14 17:15:46.330,0,125.3774211
78618,50,125.2726222,2021-11-01,2025-01-14 17:15:46.330,0,125.2726222
78617,50,121.1016683,2021-10-31,2025-01-14 17:15:46.330,0,121.1016683
78616,50,124.9168605,2021-10-30,2025-01-14 17:15:46.330,0,124.9168605
78615,50,94.5819788,2021-10-29,2025-01-14 17:15:46.330,0,94.5819788
78614,50,78.2312925,2021-10-28,2025-01-14 17:15:46.330,0,78.2312925
78613,50,122.2484025,2021-10-27,2025-01-14 17:15:46.330,0,122.2484025
78612,50,129.9141103,2021-10-26,2025-01-14 17:15:46.330,0,129.9141103
78611,50,133.0642256,2021-10-25,2025-01-14 17:15:46.330,0,133.0642256
78610,50,138.9237299,2021-10-24,2025-01-14 17:15:46.330,0,138.9237299
78609,50,140.2402962,2021-10-23,2025-01-14 17:15:46.330,0,140.2402962
78608,50,108.6547228,2021-10-22,2025-01-14 17:15:46.330,0,108.6547228
78607,50,94.072362,2021-10-21,2025-01-14 17:15:46.330,0,94.072362
78606,50,143.8853625,2021-10-20,2025-01-14 17:15:46.330,0,143.8853625
78605,50,155.1412525,2021-10-19,2025-01-14 17:15:46.330,0,155.1412525
78604,50,148.1805731,2021-10-18,2025-01-14 17:15:46.330,0,148.1805731
78603,50,71.2653495,2021-10-17,2025-01-14 17:15:46.330,0,71.2653495
78602,50,101.019079,2021-10-16,2025-01-14 17:15:46.330,0,101.019079
78601,50,129.8423911,2021-10-15,2025-01-14 17:15:46.330,0,129.8423911
78600,50,96.5775233,2021-10-14,2025-01-14 17:15:46.330,0,96.5775233
78599,50,27.3646319,2021-10-13,2025-01-14 17:15:46.330,0,27.3646319
78598,50,164.0605698,2021-10-12,2025-01-14 17:15:46.330,0,164.0605698
78597,50,157.6146402,2021-10-11,2025-01-14 17:15:46.330,0,157.6146402
78596,50,171.1186708,2021-10-10,2025-01-14 17:15:46.330,0,171.1186708
78595,50,149.7182036,2021-10-09,2025-01-14 17:15:46.330,0,149.7182036
78594,50,109.2811503,2021-10-08,2025-01-14 17:15:46.330,0,109.2811503
78593,50,184.1527614,2021-10-07,2025-01-14 17:15:46.330,0,184.1527614
78592,50,192.0110816,2021-10-06,2025-01-14 17:15:46.330,0,192.0110816
78591,50,165.4510569,2021-10-05,2025-01-14 17:15:46.330,0,165.4510569
78590,50,168.6298594,2021-10-04,2025-01-14 17:15:46.330,0,168.6298594
78589,50,189.0036472,2021-10-03,2025-01-14 17:15:46.330,0,189.0036472
78588,50,155.6403697,2021-10-02,2025-01-14 17:15:46.330,0,155.6403697
78587,50,184.6339895,2021-10-01,2025-01-14 17:15:46.330,0,184.6339895
78586,50,176.728558,2021-09-30,2025-01-14 17:15:46.330,0,176.728558
78585,50,181.3322228,2021-09-29,2025-01-14 17:15:46.330,0,181.3322228
78584,50,194.5239464,2021-09-28,2025-01-14 17:15:46.330,0,194.5239464
78583,50,196.802013,2021-09-27,2025-01-14 17:15:46.330,0,196.802013
78582,50,198.8989342,2021-09-26,2025-01-14 17:15:46.330,0,198.8989342
78581,50,198.1443427,2021-09-25,2025-01-14 17:15:46.330,0,198.1443427
78580,50,211.2326183,2021-09-24,2025-01-14 17:15:46.330,0,211.2326183
78579,50,151.2391345,2021-09-23,2025-01-14 17:15:46.330,0,151.2391345
78578,50,149.4024042,2021-09-22,2025-01-14 17:15:46.330,0,149.4024042
78577,50,203.2645669,2021-09-21,2025-01-14 17:15:46.330,0,203.2645669
78576,50,219.831223,2021-09-20,2025-01-14 17:15:46.330,0,219.831223
78575,50,178.0783203,2021-09-19,2025-01-14 17:15:46.330,0,178.0783203
78574,50,147.2967847,2021-09-18,2025-01-14 17:15:46.330,0,147.2967847
78573,50,185.4375864,2021-09-17,2025-01-14 17:15:46.330,0,185.4375864
78572,50,218.5580836,2021-09-16,2025-01-14 17:15:46.330,0,218.5580836
78571,50,211.4635524,2021-09-15,2025-01-14 17:15:46.330,0,211.4635524
78570,50,229.0522064,2021-09-14,2025-01-14 17:15:46.330,0,229.0522064
78569,50,206.1502653,2021-09-13,2025-01-14 17:15:46.330,0,206.1502653
78568,50,127.8116456,2021-09-12,2025-01-14 17:15:46.330,0,127.8116456
78567,50,211.7785388,2021-09-11,2025-01-14 17:15:46.330,0,211.7785388
78566,50,193.2477272,2021-09-10,2025-01-14 17:15:46.330,0,193.2477272
78565,50,232.8083597,2021-09-09,2025-01-14 17:15:46.330,0,232.8083597
78564,50,217.5470867,2021-09-08,2025-01-14 17:15:46.330,0,217.5470867
78563,50,182.1433124,2021-09-07,2025-01-14 17:15:46.330,0,182.1433124
78562,50,214.8020706,2021-09-06,2025-01-14 17:15:46.330,0,214.8020706
78561,50,184.1859628,2021-09-05,2025-01-14 17:15:46.330,0,184.1859628
78560,50,239.9651383,2021-09-04,2025-01-14 17:15:46.330,0,239.9651383
78559,50,193.3462534,2021-09-03,2025-01-14 17:15:46.330,0,193.3462534
78558,50,208.6255234,2021-09-02,2025-01-14 17:15:46.330,0,208.6255234
78557,50,194.4834089,2021-09-01,2025-01-14 17:15:46.330,0,194.4834089
78556,50,231.68184,2021-08-31,2025-01-14 17:15:46.330,0,231.68184
78555,50,231.3667403,2021-08-30,2025-01-14 17:15:46.330,0,231.3667403
78554,50,227.4250446,2021-08-29,2025-01-14 17:15:46.330,0,227.4250446
78553,50,200.5608645,2021-08-28,2025-01-14 17:15:46.330,0,200.5608645
78552,50,209.851396,2021-08-27,2025-01-14 17:15:46.330,0,209.851396
78551,50,124.3166422,2021-08-26,2025-01-14 17:15:46.330,0,124.3166422
78550,50,143.1976911,2021-08-25,2025-01-14 17:15:46.330,0,143.1976911
78549,50,94.9034345,2021-08-24,2025-01-14 17:15:46.330,0,94.9034345
78548,50,191.3015392,2021-08-23,2025-01-14 17:15:46.330,0,191.3015392
78547,50,250.2995475,2021-08-22,2025-01-14 17:15:46.330,0,250.2995475
78546,50,129.8533474,2021-08-21,2025-01-14 17:15:46.330,0,129.8533474
78545,50,26.0748125,2021-08-20,2025-01-14 17:15:46.330,0,26.0748125
78544,50,262.0767722,2021-08-19,2025-01-14 17:15:46.330,0,262.0767722
78543,50,216.903553,2021-08-18,2025-01-14 17:15:46.330,0,216.903553
78542,50,264.3463481,2021-08-17,2025-01-14 17:15:46.330,0,264.3463481
78541,50,229.6304242,2021-08-16,2025-01-14 17:15:46.330,0,229.6304242
78540,50,257.3640414,2021-08-15,2025-01-14 17:15:46.330,0,257.3640414
78539,50,269.2290378,2021-08-14,2025-01-14 17:15:46.330,0,269.2290378
78538,50,270.8966297,2021-08-13,2025-01-14 17:15:46.330,0,270.8966297
78537,50,268.9370948,2021-08-12,2025-01-14 17:15:46.330,0,268.9370948
78536,50,276.1481017,2021-08-11,2025-01-14 17:15:46.330,0,276.1481017
78535,50,175.6563583,2021-08-10,2025-01-14 17:15:46.330,0,175.6563583
78534,50,262.7315334,2021-08-09,2025-01-14 17:15:46.330,0,262.7315334
78533,50,250.050572,2021-08-08,2025-01-14 17:15:46.330,0,250.050572
78532,50,214.4669997,2021-08-07,2025-01-14 17:15:46.330,0,214.4669997
78531,50,259.5493648,2021-08-06,2025-01-14 17:15:46.330,0,259.5493648
78530,50,258.2617408,2021-08-05,2025-01-14 17:15:46.330,0,258.2617408
78529,50,246.2486919,2021-08-04,2025-01-14 17:15:46.330,0,246.2486919
78528,50,265.9340858,2021-08-03,2025-01-14 17:15:46.330,0,265.9340858
78527,50,251.3921739,2021-08-02,2025-01-14 17:15:46.330,0,251.3921739
78526,50,265.2058486,2021-08-01,2025-01-14 17:15:46.330,0,265.2058486
78525,50,173.1543461,2021-07-31,2025-01-14 17:15:46.330,0,173.1543461
78524,50,129.6307456,2021-07-30,2025-01-14 17:15:46.330,0,129.6307456
78523,50,262.7033164,2021-07-29,2025-01-14 17:15:46.330,0,262.7033164
78522,50,267.4919572,2021-07-28,2025-01-14 17:15:46.330,0,267.4919572
78521,50,275.7516751,2021-07-27,2025-01-14 17:15:46.330,0,275.7516751
78520,50,280.2698569,2021-07-26,2025-01-14 17:15:46.330,0,280.2698569
78519,50,265.0730989,2021-07-25,2025-01-14 17:15:46.330,0,265.0730989
78518,50,267.4181181,2021-07-24,2025-01-14 17:15:46.330,0,267.4181181
78517,50,271.0279953,2021-07-23,2025-01-14 17:15:46.330,0,271.0279953
78516,50,271.7948797,2021-07-22,2025-01-14 17:15:46.330,0,271.7948797
78515,50,237.5015417,2021-07-21,2025-01-14 17:15:46.330,0,237.5015417
78514,50,268.482773,2021-07-20,2025-01-14 17:15:46.330,0,268.482773
78513,50,284.6731773,2021-07-19,2025-01-14 17:15:46.330,0,284.6731773
78512,50,191.2095306,2021-07-18,2025-01-14 17:15:46.330,0,191.2095306
78511,50,275.4691806,2021-07-17,2025-01-14 17:15:46.330,0,275.4691806
78510,50,185.4706333,2021-07-16,2025-01-14 17:15:46.330,0,185.4706333
78509,50,134.3379606,2021-07-15,2025-01-14 17:15:46.330,0,134.3379606
78508,50,79.0088773,2021-07-14,2025-01-14 17:15:46.330,0,79.0088773
78507,50,127.5848403,2021-07-13,2025-01-14 17:15:46.330,0,127.5848403
78506,50,194.1964717,2021-07-12,2025-01-14 17:15:46.330,0,194.1964717
78505,50,214.3032811,2021-07-11,2025-01-14 17:15:46.330,0,214.3032811
78504,50,208.4112425,2021-07-10,2025-01-14 17:15:46.330,0,208.4112425
78503,50,179.2890728,2021-07-09,2025-01-14 17:15:46.330,0,179.2890728
78502,50,174.7576425,2021-07-08,2025-01-14 17:15:46.330,0,174.7576425
78501,50,193.5036078,2021-07-07,2025-01-14 17:15:46.330,0,193.5036078
78500,50,196.9903819,2021-07-06,2025-01-14 17:15:46.330,0,196.9903819
78499,50,213.2219089,2021-07-05,2025-01-14 17:15:46.330,0,213.2219089
78498,50,208.1414897,2021-07-04,2025-01-14 17:15:46.330,0,208.1414897
78497,50,84.5459615,2021-07-03,2025-01-14 17:15:46.330,0,84.5459615
78496,50,36.7829517,2021-07-02,2025-01-14 17:15:46.330,0,36.7829517
78495,50,166.60619,2021-07-01,2025-01-14 17:15:46.330,0,166.60619
78494,50,2.8992294,2021-06-30,2025-01-14 17:15:46.330,0,2.8992294
78493,50,0,2021-06-28,2025-01-14 17:15:46.330,0,0
78492,50,64.8759563,2021-06-27,2025-01-14 17:15:46.330,0,64.8759563
78491,50,200.8777726,2021-06-26,2025-01-14 17:15:46.330,0,200.8777726
78490,50,72.7676911,2021-06-25,2025-01-14 17:15:46.330,0,72.7676911
78489,50,213.2653658,2021-06-24,2025-01-14 17:15:46.330,0,213.2653658
78488,50,196.374572,2021-06-23,2025-01-14 17:15:46.330,0,196.374572
78487,50,197.6418292,2021-06-22,2025-01-14 17:15:46.330,0,197.6418292
78486,50,198.9063719,2021-06-21,2025-01-14 17:15:46.330,0,198.9063719
78485,50,217.5773281,2021-06-20,2025-01-14 17:15:46.330,0,217.5773281
78484,50,223.3016648,2021-06-19,2025-01-14 17:15:46.330,0,223.3016648
78483,50,169.2521786,2021-06-18,2025-01-14 17:15:46.330,0,169.2521786
78482,50,165.6438681,2021-06-17,2025-01-14 17:15:46.330,0,165.6438681
78481,50,201.3817462,2021-06-16,2025-01-14 17:15:46.330,0,201.3817462
78480,50,76.010238,2021-06-15,2025-01-14 17:15:46.330,0,76.010238
78479,50,188.1175428,2021-06-14,2025-01-14 17:15:46.330,0,188.1175428
78478,50,88.6380783,2021-06-13,2025-01-14 17:15:46.330,0,88.6380783
78477,50,189.5580678,2021-06-12,2025-01-14 17:15:46.330,0,189.5580678
78476,50,106.0982955,2021-06-11,2025-01-14 17:15:46.330,0,106.0982955
78475,50,69.4082975,2021-06-10,2025-01-14 17:15:46.330,0,69.4082975
78474,50,154.3013586,2021-06-09,2025-01-14 17:15:46.330,0,154.3013586
78473,50,182.2967846,2021-06-08,2025-01-14 17:15:46.330,0,182.2967846
78472,50,203.7946141,2021-06-07,2025-01-14 17:15:46.330,0,203.7946141
78471,50,156.6070153,2021-06-06,2025-01-14 17:15:46.330,0,156.6070153
78470,50,176.232424,2021-06-05,2025-01-14 17:15:46.330,0,176.232424
78469,50,103.6937625,2021-06-04,2025-01-14 17:15:46.330,0,103.6937625
78468,50,170.7763258,2021-06-03,2025-01-14 17:15:46.330,0,170.7763258
78467,50,203.9907806,2021-06-02,2025-01-14 17:15:46.330,0,203.9907806
78466,50,153.729875,2021-06-01,2025-01-14 17:15:46.330,0,153.729875
78465,50,182.5690986,2021-05-31,2025-01-14 17:15:46.330,0,182.5690986
78464,50,194.8234192,2021-05-30,2025-01-14 17:15:46.330,0,194.8234192
78463,50,185.4513251,2021-05-29,2025-01-14 17:15:46.330,0,185.4513251
78462,50,201.7502545,2021-05-28,2025-01-14 17:15:46.330,0,201.7502545
78461,50,202.5175791,2021-05-27,2025-01-14 17:15:46.330,0,202.5175791
78460,50,180.5380319,2021-05-26,2025-01-14 17:15:46.330,0,180.5380319
78459,50,190.8017803,2021-05-25,2025-01-14 17:15:46.330,0,190.8017803
78458,50,163.8408319,2021-05-24,2025-01-14 17:15:46.330,0,163.8408319
78457,50,186.8182612,2021-05-23,2025-01-14 17:15:46.330,0,186.8182612
78456,50,196.2147394,2021-05-22,2025-01-14 17:15:46.330,0,196.2147394
78455,50,201.070463,2021-05-21,2025-01-14 17:15:46.330,0,201.070463
78454,50,201.7572005,2021-05-20,2025-01-14 17:15:46.330,0,201.7572005
78453,50,183.8180908,2021-05-19,2025-01-14 17:15:46.330,0,183.8180908
78452,50,198.9496691,2021-05-18,2025-01-14 17:15:46.330,0,198.9496691
78451,50,196.5892026,2021-05-17,2025-01-14 17:15:46.330,0,196.5892026
78450,50,174.8351292,2021-05-16,2025-01-14 17:15:46.330,0,174.8351292
78449,50,211.4548285,2021-05-15,2025-01-14 17:15:46.330,0,211.4548285
78448,50,117.9989755,2021-05-14,2025-01-14 17:15:46.330,0,117.9989755
78447,50,68.2354663,2021-05-13,2025-01-14 17:15:46.330,0,68.2354663
78446,50,110.5488669,2021-05-12,2025-01-14 17:15:46.330,0,110.5488669
78445,50,120.6640066,2021-05-11,2025-01-14 17:15:46.330,0,120.6640066
78444,50,178.3972369,2021-05-10,2025-01-14 17:15:46.330,0,178.3972369
78443,50,195.8877496,2021-05-09,2025-01-14 17:15:46.330,0,195.8877496
78442,50,234.6119616,2021-05-08,2025-01-14 17:15:46.330,0,234.6119616
78441,50,234.3369859,2021-05-07,2025-01-14 17:15:46.330,0,234.3369859
78440,50,180.9591011,2021-05-06,2025-01-14 17:15:46.330,0,180.9591011
78439,50,151.8651216,2021-05-05,2025-01-14 17:15:46.330,0,151.8651216
78438,50,219.4902926,2021-05-04,2025-01-14 17:15:46.330,0,219.4902926
78437,50,221.3086776,2021-05-03,2025-01-14 17:15:46.330,0,221.3086776
78436,50,228.6647134,2021-05-02,2025-01-14 17:15:46.330,0,228.6647134
78435,50,170.6035312,2021-05-01,2025-01-14 17:15:46.330,0,170.6035312
78434,50,156.5941131,2021-04-30,2025-01-14 17:15:46.330,0,156.5941131
78433,50,220.2257192,2021-04-29,2025-01-14 17:15:46.330,0,220.2257192
78432,50,213.1775075,2021-04-28,2025-01-14 17:15:46.330,0,213.1775075
78431,50,216.9368052,2021-04-27,2025-01-14 17:15:46.330,0,216.9368052
78430,50,226.3673253,2021-04-26,2025-01-14 17:15:46.330,0,226.3673253
78429,50,156.5776528,2021-04-25,2025-01-14 17:15:46.330,0,156.5776528
78428,50,218.7639292,2021-04-24,2025-01-14 17:15:46.330,0,218.7639292
78427,50,217.734103,2021-04-23,2025-01-14 17:15:46.330,0,217.734103
78426,50,234.0543567,2021-04-22,2025-01-14 17:15:46.330,0,234.0543567
78425,50,210.0029953,2021-04-21,2025-01-14 17:15:46.330,0,210.0029953
78424,50,220.2133708,2021-04-20,2025-01-14 17:15:46.330,0,220.2133708
78423,50,131.7547577,2021-04-19,2025-01-14 17:15:46.330,0,131.7547577
78422,50,80.2236533,2021-04-18,2025-01-14 17:15:46.330,0,80.2236533
78421,50,205.0422089,2021-04-17,2025-01-14 17:15:46.330,0,205.0422089
78420,50,226.2967758,2021-04-16,2025-01-14 17:15:46.330,0,226.2967758
78419,50,201.9855825,2021-04-15,2025-01-14 17:15:46.330,0,201.9855825
78418,50,183.6507389,2021-04-14,2025-01-14 17:15:46.330,0,183.6507389
78417,50,215.899605,2021-04-13,2025-01-14 17:15:46.330,0,215.899605
78416,50,212.4180566,2021-04-12,2025-01-14 17:15:46.330,0,212.4180566
78415,50,217.1189898,2021-04-11,2025-01-14 17:15:46.330,0,217.1189898
78414,50,214.2584266,2021-04-10,2025-01-14 17:15:46.330,0,214.2584266
78413,50,190.5525792,2021-04-09,2025-01-14 17:15:46.330,0,190.5525792
78412,50,224.3910019,2021-04-08,2025-01-14 17:15:46.330,0,224.3910019
78411,50,218.5836541,2021-04-07,2025-01-14 17:15:46.330,0,218.5836541
78410,50,188.7684589,2021-04-06,2025-01-14 17:15:46.330,0,188.7684589
78409,50,225.0308631,2021-04-05,2025-01-14 17:15:46.330,0,225.0308631
78408,50,204.8509809,2021-04-04,2025-01-14 17:15:46.330,0,204.8509809
78407,50,202.6447413,2021-04-03,2025-01-14 17:15:46.330,0,202.6447413
78406,50,141.2526278,2021-04-02,2025-01-14 17:15:46.330,0,141.2526278
78405,50,229.858938,2021-04-01,2025-01-14 17:15:46.330,0,229.858938
78404,50,200.2007873,2021-03-31,2025-01-14 17:15:46.330,0,200.2007873
78403,50,224.4609955,2021-03-30,2025-01-14 17:15:46.330,0,224.4609955
78402,50,115.3514994,2021-03-29,2025-01-14 17:15:46.330,0,115.3514994
78401,50,215.9514853,2021-03-28,2025-01-14 17:15:46.330,0,215.9514853
78400,50,223.9743869,2021-03-27,2025-01-14 17:15:46.330,0,223.9743869
78399,50,185.4780683,2021-03-26,2025-01-14 17:15:46.330,0,185.4780683
78398,50,216.7044006,2021-03-25,2025-01-14 17:15:46.330,0,216.7044006
78397,50,207.0717153,2021-03-24,2025-01-14 17:15:46.330,0,207.0717153
78396,50,206.3657092,2021-03-23,2025-01-14 17:15:46.330,0,206.3657092
78395,50,210.4418922,2021-03-22,2025-01-14 17:15:46.330,0,210.4418922
78394,50,137.2723998,2021-03-21,2025-01-14 17:15:46.330,0,137.2723998
78393,50,191.4633328,2021-03-20,2025-01-14 17:15:46.330,0,191.4633328
78392,50,225.7289856,2021-03-19,2025-01-14 17:15:46.330,0,225.7289856
78391,50,182.1213433,2021-03-18,2025-01-14 17:15:46.330,0,182.1213433
78390,50,190.5128536,2021-03-17,2025-01-14 17:15:46.330,0,190.5128536
78389,50,203.7773991,2021-03-16,2025-01-14 17:15:46.330,0,203.7773991
78388,50,204.7223636,2021-03-15,2025-01-14 17:15:46.330,0,204.7223636
78387,50,206.2639439,2021-03-14,2025-01-14 17:15:46.330,0,206.2639439
78386,50,197.2195367,2021-03-13,2025-01-14 17:15:46.330,0,197.2195367
78385,50,187.3648908,2021-03-12,2025-01-14 17:15:46.330,0,187.3648908
78384,50,193.1458803,2021-03-11,2025-01-14 17:15:46.330,0,193.1458803
78383,50,216.4204713,2021-03-10,2025-01-14 17:15:46.330,0,216.4204713
78382,50,91.7867885,2021-03-09,2025-01-14 17:15:46.330,0,91.7867885
78381,50,120.8015581,2021-03-08,2025-01-14 17:15:46.330,0,120.8015581
78380,50,101.4582762,2021-03-07,2025-01-14 17:15:46.330,0,101.4582762
78379,50,182.9555242,2021-03-06,2025-01-14 17:15:46.330,0,182.9555242
78378,50,183.485188,2021-03-05,2025-01-14 17:15:46.330,0,183.485188
78377,50,188.6228539,2021-03-04,2025-01-14 17:15:46.330,0,188.6228539
78376,50,140.5826019,2021-03-03,2025-01-14 17:15:46.330,0,140.5826019
78375,50,182.8895975,2021-03-02,2025-01-14 17:15:46.330,0,182.8895975
78374,50,184.8528333,2021-03-01,2025-01-14 17:15:46.330,0,184.8528333
78373,50,169.9126792,2021-02-28,2025-01-14 17:15:46.330,0,169.9126792
78372,50,158.9573039,2021-02-27,2025-01-14 17:15:46.330,0,158.9573039
78371,50,173.4785981,2021-02-26,2025-01-14 17:15:46.330,0,173.4785981
78370,50,183.6926641,2021-02-25,2025-01-14 17:15:46.330,0,183.6926641
78369,50,143.2683608,2021-02-24,2025-01-14 17:15:46.330,0,143.2683608
78368,50,148.9036592,2021-02-23,2025-01-14 17:15:46.330,0,148.9036592
78367,50,103.6733842,2021-02-22,2025-01-14 17:15:46.330,0,103.6733842
78366,50,184.0218603,2021-02-21,2025-01-14 17:15:46.330,0,184.0218603
78365,50,184.1146075,2021-02-20,2025-01-14 17:15:46.330,0,184.1146075
78364,50,78.2956953,2021-02-19,2025-01-14 17:15:46.330,0,78.2956953
78363,50,141.0211764,2021-02-18,2025-01-14 17:15:46.330,0,141.0211764
78362,50,177.3448662,2021-02-17,2025-01-14 17:15:46.330,0,177.3448662
78361,50,150.0561427,2021-02-16,2025-01-14 17:15:46.330,0,150.0561427
78360,50,112.7025009,2021-02-15,2025-01-14 17:15:46.330,0,112.7025009
78359,50,141.7042739,2021-02-14,2025-01-14 17:15:46.330,0,141.7042739
78358,50,114.8804006,2021-02-13,2025-01-14 17:15:46.330,0,114.8804006
78357,50,137.0268328,2021-02-12,2025-01-14 17:15:46.330,0,137.0268328
78356,50,127.5891817,2021-02-11,2025-01-14 17:15:46.330,0,127.5891817
78355,50,141.7731489,2021-02-10,2025-01-14 17:15:46.330,0,141.7731489
78354,50,135.9256034,2021-02-09,2025-01-14 17:15:46.330,0,135.9256034
78353,50,148.6176492,2021-02-08,2025-01-14 17:15:46.330,0,148.6176492
78352,50,68.4143573,2021-02-07,2025-01-14 17:15:46.330,0,68.4143573
78351,50,123.6375689,2021-02-06,2025-01-14 17:15:46.330,0,123.6375689
78350,50,152.6474006,2021-02-05,2025-01-14 17:15:46.330,0,152.6474006
78349,50,152.2199386,2021-02-04,2025-01-14 17:15:46.330,0,152.2199386
78348,50,150.7856833,2021-02-03,2025-01-14 17:15:46.330,0,150.7856833
78347,50,145.0489006,2021-02-02,2025-01-14 17:15:46.330,0,145.0489006
78346,50,96.8766744,2021-02-01,2025-01-14 17:15:46.330,0,96.8766744
78345,50,111.3328686,2021-01-31,2025-01-14 17:15:46.330,0,111.3328686
78344,50,138.2902012,2021-01-30,2025-01-14 17:15:46.330,0,138.2902012
78343,50,136.7650417,2021-01-29,2025-01-14 17:15:46.330,0,136.7650417
78342,50,51.0081728,2021-01-28,2025-01-14 17:15:46.330,0,51.0081728
78341,50,130.3100514,2021-01-27,2025-01-14 17:15:46.330,0,130.3100514
78340,50,129.4735277,2021-01-26,2025-01-14 17:15:46.330,0,129.4735277
78339,50,127.2475806,2021-01-25,2025-01-14 17:15:46.330,0,127.2475806
78338,50,121.8729078,2021-01-24,2025-01-14 17:15:46.330,0,121.8729078
78337,50,108.1807412,2021-01-23,2025-01-14 17:15:46.330,0,108.1807412
78336,50,126.1647689,2021-01-22,2025-01-14 17:15:46.330,0,126.1647689
78335,50,124.6055578,2021-01-21,2025-01-14 17:15:46.330,0,124.6055578
78334,50,55.0567858,2021-01-20,2025-01-14 17:15:46.330,0,55.0567858
78333,50,118.1479458,2021-01-19,2025-01-14 17:15:46.330,0,118.1479458
78332,50,85.0308255,2021-01-18,2025-01-14 17:15:46.330,0,85.0308255
78331,50,58.0773178,2021-01-17,2025-01-14 17:15:46.330,0,58.0773178
78330,50,20.0765881,2021-01-16,2025-01-14 17:15:46.330,0,20.0765881
78329,50,114.07162,2021-01-15,2025-01-14 17:15:46.330,0,114.07162
78328,50,104.8472387,2021-01-14,2025-01-14 17:15:46.330,0,104.8472387
78327,50,107.0496205,2021-01-13,2025-01-14 17:15:46.330,0,107.0496205
78326,50,122.5266919,2021-01-12,2025-01-14 17:15:46.330,0,122.5266919
78325,50,37.6927109,2021-01-11,2025-01-14 17:15:46.330,0,37.6927109
78324,50,104.6743356,2021-01-10,2025-01-14 17:15:46.330,0,104.6743356
78323,50,40.5982384,2021-01-09,2025-01-14 17:15:46.330,0,40.5982384
78322,50,109.5278502,2021-01-08,2025-01-14 17:15:46.330,0,109.5278502
78321,50,107.5811526,2021-01-07,2025-01-14 17:15:46.330,0,107.5811526
78320,50,106.950928,2021-01-06,2025-01-14 17:15:46.330,0,106.950928
78319,50,61.7660622,2021-01-05,2025-01-14 17:15:46.330,0,61.7660622
78318,50,104.5562894,2021-01-04,2025-01-14 17:15:46.330,0,104.5562894
78317,50,61.2617281,2021-01-03,2025-01-14 17:15:46.330,0,61.2617281
78316,50,108.6483976,2021-01-02,2025-01-14 17:15:46.330,0,108.6483976
78315,50,96.7013206,2021-01-01,2025-01-14 17:15:46.330,0,96.7013206
78314,50,100.1989422,2020-12-31,2025-01-14 17:15:46.330,0,100.1989422
78313,50,97.8381477,2020-12-30,2025-01-14 17:15:46.330,0,97.8381477
78312,50,99.6060425,2020-12-29,2025-01-14 17:15:46.330,0,99.6060425
78311,50,97.5499142,2020-12-28,2025-01-14 17:15:46.330,0,97.5499142
78310,50,97.2032242,2020-12-27,2025-01-14 17:15:46.330,0,97.2032242
78309,50,99.8438308,2020-12-26,2025-01-14 17:15:46.330,0,99.8438308
78308,50,6.7091283,2020-12-25,2025-01-14 17:15:46.330,0,6.7091283
78307,50,24.1136853,2020-12-24,2025-01-14 17:15:46.330,0,24.1136853
78306,50,93.751465,2020-12-23,2025-01-14 17:15:46.330,0,93.751465
78305,50,63.3095164,2020-12-22,2025-01-14 17:15:46.330,0,63.3095164
78304,50,79.8826684,2020-12-21,2025-01-14 17:15:46.330,0,79.8826684
78303,50,105.5549607,2020-12-20,2025-01-14 17:15:46.330,0,105.5549607
78302,50,95.613737,2020-12-19,2025-01-14 17:15:46.330,0,95.613737
78301,50,86.0042369,2020-12-18,2025-01-14 17:15:46.330,0,86.0042369
78300,50,41.1091311,2020-12-17,2025-01-14 17:15:46.330,0,41.1091311
78299,50,90.4440006,2020-12-16,2025-01-14 17:15:46.330,0,90.4440006
78298,50,96.4153606,2020-12-15,2025-01-14 17:15:46.330,0,96.4153606
78297,50,94.9675422,2020-12-14,2025-01-14 17:15:46.330,0,94.9675422
78296,50,97.8248647,2020-12-13,2025-01-14 17:15:46.330,0,97.8248647
78295,50,97.5449972,2020-12-12,2025-01-14 17:15:46.330,0,97.5449972
78294,50,100.0602614,2020-12-11,2025-01-14 17:15:46.330,0,100.0602614
78293,50,101.4383322,2020-12-10,2025-01-14 17:15:46.330,0,101.4383322
78292,50,102.7407706,2020-12-09,2025-01-14 17:15:46.330,0,102.7407706
78291,50,104.9160998,2020-12-08,2025-01-14 17:15:46.330,0,104.9160998
78290,50,98.6480814,2020-12-07,2025-01-14 17:15:46.330,0,98.6480814
78289,50,40.6963374,2020-12-06,2025-01-14 17:15:46.330,0,40.6963374
78288,50,100.043542,2020-12-05,2025-01-14 17:15:46.330,0,100.043542
78287,50,77.4225847,2020-12-04,2025-01-14 17:15:46.330,0,77.4225847
78286,50,61.276053,2020-12-03,2025-01-14 17:15:46.330,0,61.276053
78285,50,87.9098264,2020-12-02,2025-01-14 17:15:46.330,0,87.9098264
78284,50,87.4382211,2020-12-01,2025-01-14 17:15:46.330,0,87.4382211
78283,50,78.9095247,2020-11-30,2025-01-14 17:15:46.330,0,78.9095247
78282,50,80.5845013,2020-11-29,2025-01-14 17:15:46.330,0,80.5845013
78281,50,90.8466733,2020-11-28,2025-01-14 17:15:46.330,0,90.8466733
78280,50,92.3591486,2020-11-27,2025-01-14 17:15:46.330,0,92.3591486
78279,50,92.5390353,2020-11-26,2025-01-14 17:15:46.330,0,92.5390353
78278,50,94.3902395,2020-11-25,2025-01-14 17:15:46.330,0,94.3902395
78277,50,96.7847078,2020-11-24,2025-01-14 17:15:46.330,0,96.7847078
78276,50,98.2514311,2020-11-23,2025-01-14 17:15:46.330,0,98.2514311
78275,50,109.8512971,2020-11-22,2025-01-14 17:15:46.330,0,109.8512971
78274,50,68.0251061,2020-11-21,2025-01-14 17:15:46.330,0,68.0251061
78273,50,60.6075625,2020-11-20,2025-01-14 17:15:46.330,0,60.6075625
78272,50,112.4134142,2020-11-19,2025-01-14 17:15:46.330,0,112.4134142
78271,50,103.5788431,2020-11-18,2025-01-14 17:15:46.330,0,103.5788431
78270,50,64.1832064,2020-11-17,2025-01-14 17:15:46.330,0,64.1832064
78269,50,106.3192186,2020-11-16,2025-01-14 17:15:46.330,0,106.3192186
78268,50,97.2411961,2020-11-15,2025-01-14 17:15:46.330,0,97.2411961
78267,50,106.5923486,2020-11-14,2025-01-14 17:15:46.330,0,106.5923486
78266,50,110.034628,2020-11-13,2025-01-14 17:15:46.330,0,110.034628
78265,50,107.2306311,2020-11-12,2025-01-14 17:15:46.330,0,107.2306311
78264,50,111.6780767,2020-11-11,2025-01-14 17:15:46.330,0,111.6780767
78263,50,117.4664811,2020-11-10,2025-01-14 17:15:46.330,0,117.4664811
78262,50,114.0888083,2020-11-09,2025-01-14 17:15:46.330,0,114.0888083
78261,50,122.3980269,2020-11-08,2025-01-14 17:15:46.330,0,122.3980269
78260,50,106.2263933,2020-11-07,2025-01-14 17:15:46.330,0,106.2263933
78259,50,79.1070759,2020-11-06,2025-01-14 17:15:46.330,0,79.1070759
78258,50,115.2128956,2020-11-05,2025-01-14 17:15:46.330,0,115.2128956
78257,50,127.913415,2020-11-04,2025-01-14 17:15:46.330,0,127.913415
78256,50,134.3433733,2020-11-03,2025-01-14 17:15:46.330,0,134.3433733
78255,50,137.8414134,2020-11-02,2025-01-14 17:15:46.330,0,137.8414134
78254,50,93.7432883,2020-11-01,2025-01-14 17:15:46.330,0,93.7432883
78253,50,141.1115659,2020-10-31,2025-01-14 17:15:46.330,0,141.1115659
78252,50,148.9894337,2020-10-30,2025-01-14 17:15:46.330,0,148.9894337
78251,50,91.5532417,2020-10-29,2025-01-14 17:15:46.330,0,91.5532417
78250,50,107.3176231,2020-10-28,2025-01-14 17:15:46.330,0,107.3176231
78249,50,108.8251358,2020-10-27,2025-01-14 17:15:46.330,0,108.8251358
78248,50,144.7576116,2020-10-26,2025-01-14 17:15:46.330,0,144.7576116
78247,50,146.7178561,2020-10-25,2025-01-14 17:15:46.330,0,146.7178561
78246,50,153.5506714,2020-10-24,2025-01-14 17:15:46.330,0,153.5506714
78245,50,145.6307042,2020-10-23,2025-01-14 17:15:46.330,0,145.6307042
78244,50,160.5497105,2020-10-22,2025-01-14 17:15:46.330,0,160.5497105
78243,50,153.2780903,2020-10-21,2025-01-14 17:15:46.330,0,153.2780903
78242,50,157.0399878,2020-10-20,2025-01-14 17:15:46.330,0,157.0399878
78241,50,154.9505391,2020-10-19,2025-01-14 17:15:46.330,0,154.9505391
78240,50,159.7077481,2020-10-18,2025-01-14 17:15:46.330,0,159.7077481
78239,50,168.415803,2020-10-17,2025-01-14 17:15:46.330,0,168.415803
78238,50,80.601303,2020-10-16,2025-01-14 17:15:46.330,0,80.601303
78237,50,159.5960844,2020-10-15,2025-01-14 17:15:46.330,0,159.5960844
78236,50,127.4072388,2020-10-14,2025-01-14 17:15:46.330,0,127.4072388
78235,50,153.2679005,2020-10-13,2025-01-14 17:15:46.330,0,153.2679005
78234,50,152.2070483,2020-10-12,2025-01-14 17:15:46.330,0,152.2070483
78233,50,156.4586858,2020-10-11,2025-01-14 17:15:46.330,0,156.4586858
78232,50,165.4088097,2020-10-10,2025-01-14 17:15:46.330,0,165.4088097
78231,50,167.060753,2020-10-09,2025-01-14 17:15:46.330,0,167.060753
78230,50,126.4354253,2020-10-08,2025-01-14 17:15:46.330,0,126.4354253
78229,50,164.2042025,2020-10-07,2025-01-14 17:15:46.330,0,164.2042025
78228,50,187.4418489,2020-10-06,2025-01-14 17:15:46.330,0,187.4418489
78227,50,184.7143467,2020-10-05,2025-01-14 17:15:46.330,0,184.7143467
78226,50,193.1305722,2020-10-04,2025-01-14 17:15:46.330,0,193.1305722
78225,50,193.2841761,2020-10-03,2025-01-14 17:15:46.330,0,193.2841761
78224,50,184.8877561,2020-10-02,2025-01-14 17:15:46.330,0,184.8877561
78223,50,199.3211205,2020-10-01,2025-01-14 17:15:46.330,0,199.3211205
78222,50,140.8203147,2020-09-30,2025-01-14 17:15:46.330,0,140.8203147
78221,50,15.5265261,2020-09-29,2025-01-14 17:15:46.330,0,15.5265261
78220,50,174.5487439,2020-09-28,2025-01-14 17:15:46.330,0,174.5487439
78219,50,186.5076361,2020-09-27,2025-01-14 17:15:46.330,0,186.5076361
78218,50,122.7997122,2020-09-26,2025-01-14 17:15:46.330,0,122.7997122
78217,50,169.0824725,2020-09-25,2025-01-14 17:15:46.330,0,169.0824725
78216,50,187.237316,2020-09-24,2025-01-14 17:15:46.330,0,187.237316
78215,50,191.1325266,2020-09-23,2025-01-14 17:15:46.330,0,191.1325266
78214,50,193.8602784,2020-09-22,2025-01-14 17:15:46.330,0,193.8602784
78213,50,168.2800997,2020-09-21,2025-01-14 17:15:46.330,0,168.2800997
78212,50,195.6765628,2020-09-20,2025-01-14 17:15:46.330,0,195.6765628
78211,50,74.6011241,2020-09-19,2025-01-14 17:15:46.330,0,74.6011241
78210,50,111.3534622,2020-09-18,2025-01-14 17:15:46.330,0,111.3534622
78209,50,113.9602119,2020-09-17,2025-01-14 17:15:46.330,0,113.9602119
78208,50,111.895787,2020-09-16,2025-01-14 17:15:46.330,0,111.895787
78207,50,168.1105828,2020-09-15,2025-01-14 17:15:46.330,0,168.1105828
78206,50,152.5394339,2020-09-14,2025-01-14 17:15:46.330,0,152.5394339
78205,50,188.7723264,2020-09-13,2025-01-14 17:15:46.330,0,188.7723264
78204,50,156.0080595,2020-09-12,2025-01-14 17:15:46.330,0,156.0080595
78203,50,154.3804349,2020-09-11,2025-01-14 17:15:46.330,0,154.3804349
78202,50,201.8585228,2020-09-10,2025-01-14 17:15:46.330,0,201.8585228
78201,50,239.3755211,2020-09-09,2025-01-14 17:15:46.330,0,239.3755211
78200,50,247.1747975,2020-09-08,2025-01-14 17:15:46.330,0,247.1747975
78199,50,242.6547608,2020-09-07,2025-01-14 17:15:46.330,0,242.6547608
78198,50,133.284933,2020-09-06,2025-01-14 17:15:46.330,0,133.284933
78197,50,189.2005089,2020-09-05,2025-01-14 17:15:46.330,0,189.2005089
78196,50,80.189713,2020-09-04,2025-01-14 17:15:46.330,0,80.189713
78195,50,194.8872656,2020-09-03,2025-01-14 17:15:46.330,0,194.8872656
78194,50,249.6924939,2020-09-02,2025-01-14 17:15:46.330,0,249.6924939
78193,50,256.3906844,2020-09-01,2025-01-14 17:15:46.330,0,256.3906844
78192,50,258.0284197,2020-08-31,2025-01-14 17:15:46.330,0,258.0284197
78191,50,254.8235033,2020-08-30,2025-01-14 17:15:46.330,0,254.8235033
78190,50,253.5654481,2020-08-29,2025-01-14 17:15:46.330,0,253.5654481
78189,50,256.3451469,2020-08-28,2025-01-14 17:15:46.330,0,256.3451469
78188,50,248.3835392,2020-08-27,2025-01-14 17:15:46.330,0,248.3835392
78187,50,238.2321283,2020-08-26,2025-01-14 17:15:46.330,0,238.2321283
78186,50,135.044195,2020-08-25,2025-01-14 17:15:46.330,0,135.044195
78185,50,88.6432711,2020-08-24,2025-01-14 17:15:46.330,0,88.6432711
78184,50,230.4736041,2020-08-23,2025-01-14 17:15:46.330,0,230.4736041
78183,50,218.134337,2020-08-22,2025-01-14 17:15:46.330,0,218.134337
78182,50,251.9159881,2020-08-21,2025-01-14 17:15:46.330,0,251.9159881
78181,50,179.9881972,2020-08-20,2025-01-14 17:15:46.330,0,179.9881972
78180,50,247.3030978,2020-08-19,2025-01-14 17:15:46.330,0,247.3030978
78179,50,259.5984925,2020-08-18,2025-01-14 17:15:46.330,0,259.5984925
78178,50,250.3515736,2020-08-17,2025-01-14 17:15:46.330,0,250.3515736
78177,50,249.7985347,2020-08-16,2025-01-14 17:15:46.330,0,249.7985347
78176,50,212.74678,2020-08-15,2025-01-14 17:15:46.330,0,212.74678
78175,50,222.9624764,2020-08-14,2025-01-14 17:15:46.330,0,222.9624764
78174,50,191.49115,2020-08-13,2025-01-14 17:15:46.330,0,191.49115
78173,50,26.4683591,2020-08-12,2025-01-14 17:15:46.330,0,26.4683591
78172,50,177.8758124,2020-08-11,2025-01-14 17:15:46.330,0,177.8758124
78171,50,165.0958358,2020-08-10,2025-01-14 17:15:46.330,0,165.0958358
78170,50,14.0446605,2020-08-09,2025-01-14 17:15:46.330,0,14.0446605
78169,50,124.4983889,2020-08-08,2025-01-14 17:15:46.330,0,124.4983889
78168,50,214.4028411,2020-08-07,2025-01-14 17:15:46.330,0,214.4028411
78167,50,240.5759581,2020-08-06,2025-01-14 17:15:46.330,0,240.5759581
78166,50,268.8631508,2020-08-05,2025-01-14 17:15:46.330,0,268.8631508
78165,50,158.9953209,2020-08-04,2025-01-14 17:15:46.330,0,158.9953209
78164,50,237.6258561,2020-08-03,2025-01-14 17:15:46.330,0,237.6258561
78163,50,282.2767098,2020-08-02,2025-01-14 17:15:46.330,0,282.2767098
78162,50,271.0514578,2020-08-01,2025-01-14 17:15:46.330,0,271.0514578
78161,50,185.0441341,2020-07-31,2025-01-14 17:15:46.330,0,185.0441341
78160,50,251.3195139,2020-07-30,2025-01-14 17:15:46.330,0,251.3195139
78159,50,165.013277,2020-07-29,2025-01-14 17:15:46.330,0,165.013277
78158,50,204.5057014,2020-07-28,2025-01-14 17:15:46.330,0,204.5057014
78157,50,222.8561066,2020-07-27,2025-01-14 17:15:46.330,0,222.8561066
78156,50,235.0109906,2020-07-26,2025-01-14 17:15:46.330,0,235.0109906
78155,50,248.0075117,2020-07-25,2025-01-14 17:15:46.330,0,248.0075117
78154,50,265.9017599,2020-07-24,2025-01-14 17:15:46.330,0,265.9017599
78153,50,261.1143517,2020-07-23,2025-01-14 17:15:46.330,0,261.1143517
78152,50,263.5150839,2020-07-22,2025-01-14 17:15:46.330,0,263.5150839
78151,50,270.0584681,2020-07-21,2025-01-14 17:15:46.330,0,270.0584681
78150,50,268.0741375,2020-07-20,2025-01-14 17:15:46.330,0,268.0741375
78149,50,270.9282142,2020-07-19,2025-01-14 17:15:46.330,0,270.9282142
78148,50,270.6929708,2020-07-18,2025-01-14 17:15:46.330,0,270.6929708
78147,50,276.3753011,2020-07-17,2025-01-14 17:15:46.330,0,276.3753011
78146,50,270.0009219,2020-07-16,2025-01-14 17:15:46.330,0,270.0009219
78145,50,253.2826248,2020-07-15,2025-01-14 17:15:46.330,0,253.2826248
78144,50,258.5544339,2020-07-14,2025-01-14 17:15:46.330,0,258.5544339
78143,50,280.5069959,2020-07-13,2025-01-14 17:15:46.330,0,280.5069959
78142,50,278.2745011,2020-07-12,2025-01-14 17:15:46.330,0,278.2745011
78141,50,191.9888481,2020-07-11,2025-01-14 17:15:46.330,0,191.9888481
78140,50,280.1719161,2020-07-10,2025-01-14 17:15:46.330,0,280.1719161
78139,50,218.3803566,2020-07-09,2025-01-14 17:15:46.330,0,218.3803566
78138,50,259.9239742,2020-07-08,2025-01-14 17:15:46.330,0,259.9239742
78137,50,215.9861752,2020-07-07,2025-01-14 17:15:46.330,0,215.9861752
78136,50,250.9552356,2020-07-06,2025-01-14 17:15:46.330,0,250.9552356
78135,50,258.0329884,2020-07-05,2025-01-14 17:15:46.330,0,258.0329884
78134,50,238.6455553,2020-07-04,2025-01-14 17:15:46.330,0,238.6455553
78133,50,284.4240325,2020-07-03,2025-01-14 17:15:46.330,0,284.4240325
78132,50,275.7036664,2020-07-02,2025-01-14 17:15:46.330,0,275.7036664
78131,50,283.3881028,2020-07-01,2025-01-14 17:15:46.330,0,283.3881028
78130,50,248.8222747,2020-06-30,2025-01-14 17:15:46.330,0,248.8222747
78129,50,280.0094866,2020-06-29,2025-01-14 17:15:46.330,0,280.0094866
78128,50,286.1774744,2020-06-28,2025-01-14 17:15:46.330,0,286.1774744
78127,50,240.4790233,2020-06-27,2025-01-14 17:15:46.330,0,240.4790233
78126,50,274.6198583,2020-06-26,2025-01-14 17:15:46.330,0,274.6198583
78125,50,230.5906439,2020-06-25,2025-01-14 17:15:46.330,0,230.5906439
78124,50,186.5109114,2020-06-24,2025-01-14 17:15:46.330,0,186.5109114
78123,50,215.6261833,2020-06-23,2025-01-14 17:15:46.330,0,215.6261833
78122,50,180.5511255,2020-06-22,2025-01-14 17:15:46.330,0,180.5511255
78121,50,265.4806822,2020-06-21,2025-01-14 17:15:46.330,0,265.4806822
78120,50,219.9143908,2020-06-20,2025-01-14 17:15:46.330,0,219.9143908
78119,50,252.0583988,2020-06-19,2025-01-14 17:15:46.330,0,252.0583988
78118,50,272.0031909,2020-06-18,2025-01-14 17:15:46.330,0,272.0031909
78117,50,270.8477281,2020-06-17,2025-01-14 17:15:46.330,0,270.8477281
78116,50,283.412,2020-06-16,2025-01-14 17:15:46.330,0,283.412
78115,50,303.6078409,2020-06-15,2025-01-14 17:15:46.330,0,303.6078409
78114,50,284.1122377,2020-06-14,2025-01-14 17:15:46.330,0,284.1122377
78113,50,311.1197372,2020-06-13,2025-01-14 17:15:46.330,0,311.1197372
78112,50,263.064732,2020-06-12,2025-01-14 17:15:46.330,0,263.064732
78111,50,269.4050208,2020-06-11,2025-01-14 17:15:46.330,0,269.4050208
78110,50,247.6359141,2020-06-10,2025-01-14 17:15:46.330,0,247.6359141
78109,50,267.8921539,2020-06-09,2025-01-14 17:15:46.330,0,267.8921539
78108,50,283.7153858,2020-06-08,2025-01-14 17:15:46.330,0,283.7153858
78107,50,293.0534658,2020-06-07,2025-01-14 17:15:46.330,0,293.0534658
78106,50,259.3064006,2020-06-06,2025-01-14 17:15:46.330,0,259.3064006
78105,50,53.3059434,2020-06-05,2025-01-14 17:15:46.330,0,53.3059434
78104,50,0,2020-06-04,2025-01-14 17:15:46.330,0,0
78103,50,0,2020-06-03,2025-01-14 17:15:46.330,0,0
78102,50,0,2020-06-02,2025-01-14 17:15:46.330,0,0
78101,50,0,2020-06-01,2025-01-14 17:15:46.330,0,0
78100,50,0,2020-05-31,2025-01-14 17:15:46.330,0,0
78099,50,0,2020-05-30,2025-01-14 17:15:46.330,0,0
78098,50,0,2020-05-29,2025-01-14 17:15:46.330,0,0
78097,50,65.038613,2020-05-28,2025-01-14 17:15:46.330,0,65.038613
78096,50,57.3713986,2020-05-27,2025-01-14 17:15:46.330,0,57.3713986
78095,50,66.4751159,2020-05-26,2025-01-14 17:15:46.330,0,66.4751159
78094,50,67.9918356,2020-05-25,2025-01-14 17:15:46.330,0,67.9918356
78093,50,51.6387561,2020-05-24,2025-01-14 17:15:46.330,0,51.6387561
78092,50,63.6081383,2020-05-23,2025-01-14 17:15:46.330,0,63.6081383
78091,50,56.7299595,2020-05-22,2025-01-14 17:15:46.330,0,56.7299595
78090,50,64.463095,2020-05-21,2025-01-14 17:15:46.330,0,64.463095
78089,50,65.7734911,2020-05-20,2025-01-14 17:15:46.330,0,65.7734911
78088,50,55.5910822,2020-05-19,2025-01-14 17:15:46.330,0,55.5910822
78087,50,45.3876086,2020-05-18,2025-01-14 17:15:46.330,0,45.3876086
78086,50,38.6934758,2020-05-17,2025-01-14 17:15:46.330,0,38.6934758
78085,50,43.2980789,2020-05-16,2025-01-14 17:15:46.330,0,43.2980789
78084,50,42.8620711,2020-05-15,2025-01-14 17:15:46.330,0,42.8620711
78083,50,44.5377889,2020-05-14,2025-01-14 17:15:46.330,0,44.5377889
78082,50,40.1826325,2020-05-13,2025-01-14 17:15:46.330,0,40.1826325
78081,50,41.2935544,2020-05-12,2025-01-14 17:15:46.330,0,41.2935544
78080,50,39.1233869,2020-05-11,2025-01-14 17:15:46.330,0,39.1233869
78079,50,37.9905717,2020-05-10,2025-01-14 17:15:46.330,0,37.9905717
78078,50,36.5901197,2020-05-09,2025-01-14 17:15:46.330,0,36.5901197
78077,50,40.096395,2020-05-08,2025-01-14 17:15:46.330,0,40.096395
78076,50,34.8338961,2020-05-07,2025-01-14 17:15:46.330,0,34.8338961
78075,50,42.2079808,2020-05-06,2025-01-14 17:15:46.330,0,42.2079808
78074,50,62.4621728,2020-05-05,2025-01-14 17:15:46.330,0,62.4621728
78073,50,65.9908153,2020-05-04,2025-01-14 17:15:46.330,0,65.9908153
78072,50,63.5649033,2020-05-03,2025-01-14 17:15:46.330,0,63.5649033
78071,50,56.1040064,2020-05-02,2025-01-14 17:15:46.330,0,56.1040064
78070,50,45.6966867,2020-05-01,2025-01-14 17:15:46.330,0,45.6966867
78069,50,48.1407014,2020-04-30,2025-01-14 17:15:46.330,0,48.1407014
78068,50,58.1633594,2020-04-29,2025-01-14 17:15:46.330,0,58.1633594
78067,50,72.2468911,2020-04-28,2025-01-14 17:15:46.330,0,72.2468911
78066,50,51.5878686,2020-04-27,2025-01-14 17:15:46.330,0,51.5878686
78065,50,48.0665453,2020-04-26,2025-01-14 17:15:46.330,0,48.0665453
78064,50,59.0021047,2020-04-25,2025-01-14 17:15:46.330,0,59.0021047
78063,50,60.799992,2020-04-24,2025-01-14 17:15:46.330,0,60.799992
78062,50,57.6964792,2020-04-23,2025-01-14 17:15:46.330,0,57.6964792
78061,50,62.8967411,2020-04-22,2025-01-14 17:15:46.330,0,62.8967411
78060,50,60.9428595,2020-04-21,2025-01-14 17:15:46.330,0,60.9428595
78059,50,64.0389108,2020-04-20,2025-01-14 17:15:46.330,0,64.0389108
78058,50,64.3360953,2020-04-19,2025-01-14 17:15:46.330,0,64.3360953
78057,50,64.4913136,2020-04-18,2025-01-14 17:15:46.330,0,64.4913136
78056,50,50.9769603,2020-04-17,2025-01-14 17:15:46.330,0,50.9769603
78055,50,40.8966898,2020-04-16,2025-01-14 17:15:46.330,0,40.8966898
78054,50,49.8302594,2020-04-15,2025-01-14 17:15:46.330,0,49.8302594
78053,50,59.9957942,2020-04-14,2025-01-14 17:15:46.330,0,59.9957942
78052,50,66.4357197,2020-04-13,2025-01-14 17:15:46.330,0,66.4357197
78051,50,58.5422025,2020-04-12,2025-01-14 17:15:46.330,0,58.5422025
78050,50,57.6193111,2020-04-11,2025-01-14 17:15:46.330,0,57.6193111
78049,50,65.8321306,2020-04-10,2025-01-14 17:15:46.330,0,65.8321306
78048,50,51.2159644,2020-04-09,2025-01-14 17:15:46.330,0,51.2159644
78047,50,62.2372414,2020-04-08,2025-01-14 17:15:46.330,0,62.2372414
78046,50,62.472183,2020-04-07,2025-01-14 17:15:46.330,0,62.472183
78045,50,55.9024308,2020-04-06,2025-01-14 17:15:46.330,0,55.9024308
78044,50,56.3466228,2020-04-05,2025-01-14 17:15:46.330,0,56.3466228
78043,50,53.3876303,2020-04-04,2025-01-14 17:15:46.330,0,53.3876303
78042,50,62.6079811,2020-04-03,2025-01-14 17:15:46.330,0,62.6079811
78041,50,59.3633058,2020-04-02,2025-01-14 17:15:46.330,0,59.3633058
78040,50,54.8374961,2020-04-01,2025-01-14 17:15:46.330,0,54.8374961
78039,50,76.1704659,2020-03-31,2025-01-14 17:15:46.330,0,76.1704659
78038,50,64.9338889,2020-03-30,2025-01-14 17:15:46.330,0,64.9338889
78037,50,56.8053689,2020-03-29,2025-01-14 17:15:46.330,0,56.8053689
78036,50,63.0516977,2020-03-28,2025-01-14 17:15:46.330,0,63.0516977
78035,50,62.3934511,2020-03-27,2025-01-14 17:15:46.330,0,62.3934511
78034,50,62.1782761,2020-03-26,2025-01-14 17:15:46.330,0,62.1782761
78033,50,62.2294011,2020-03-25,2025-01-14 17:15:46.330,0,62.2294011
78032,50,60.3597878,2020-03-24,2025-01-14 17:15:46.330,0,60.3597878
78031,50,57.2628133,2020-03-23,2025-01-14 17:15:46.330,0,57.2628133
78030,50,51.9422691,2020-03-22,2025-01-14 17:15:46.330,0,51.9422691
78029,50,60.497257,2020-03-21,2025-01-14 17:15:46.330,0,60.497257
78028,50,52.5080875,2020-03-20,2025-01-14 17:15:46.330,0,52.5080875
78027,50,56.3379847,2020-03-19,2025-01-14 17:15:46.330,0,56.3379847
78026,50,46.0073144,2020-03-18,2025-01-14 17:15:46.330,0,46.0073144
78025,50,52.0564814,2020-03-17,2025-01-14 17:15:46.330,0,52.0564814
78024,50,44.7491173,2020-03-16,2025-01-14 17:15:46.330,0,44.7491173
78023,50,46.4061891,2020-03-15,2025-01-14 17:15:46.330,0,46.4061891
78022,50,45.7219589,2020-03-14,2025-01-14 17:15:46.330,0,45.7219589
78021,50,49.2587917,2020-03-13,2025-01-14 17:15:46.330,0,49.2587917
78020,50,54.2430525,2020-03-12,2025-01-14 17:15:46.330,0,54.2430525
78019,50,42.97459,2020-03-11,2025-01-14 17:15:46.330,0,42.97459
78018,50,16.9270153,2020-03-10,2025-01-14 17:15:46.330,0,16.9270153
